Waratah A set fleet,,,,,,,
Set number:,Formation:,Status:,Livery:,Fact/Note:,Operator:,Entered service:,Gauge:
A1,D6301-N5301-N5501-T6501-T6601-N5601-N5401-D6401,In service,Sydney Trains,,Sydney Trains,2011 - 2014,"1,435mm Standard"
A2,D6302-N5302-N5502-T6502-T6602-N5602-N5402-D6402,Scrapped,CityRail,Set A2 was damaged beyond repair on the boat journey over from China in 2011.,CityRail,Never,"1,435mm Standard"
A3,D6303-N5303-N5503-T6503-T6603-N5603-N5403-D6403,In service,Sydney Trains,Set A3 was the first A set to enter service.,Sydney Trains,2011 - 2014,"1,435mm Standard"
A4,D6304-N5304-N5504-T6504-T6604-N5604-N5404-D6404,In service,Sydney Trains,,Sydney Trains,2011 - 2014,"1,435mm Standard"
A5,D6305-N5305-N5505-T6505-T6605-N5605-N5405-D6405,In service,Sydney Trains,,Sydney Trains,2011 - 2014,"1,435mm Standard"
A6,D6306-N5306-N5506-T6506-T6606-N5606-N5406-D6406,In service,Sydney Trains,,Sydney Trains,2011 - 2014,"1,435mm Standard"
A7,D6307-N5307-N5507-T6507-T6607-N5607-N5407-D6407,In service,Sydney Trains,,Sydney Trains,2011 - 2014,"1,435mm Standard"
A8,D6308-N5308-N5508-T6508-T6608-N5608-N5408-D6408,In service,Sydney Trains,,Sydney Trains,2011 - 2014,"1,435mm Standard"
A9,D6309-N5309-N5509-T6509-T6609-N5609-N5409-D6409,In service,Sydney Trains,,Sydney Trains,2011 - 2014,"1,435mm Standard"
A10,D6310-N5310-N5510-T6510-T6610-N5610-N5410-D6410,In service,Sydney Trains,,Sydney Trains,2011 - 2014,"1,435mm Standard"
A11,D6311-N5311-N5511-T6511-T6611-N5611-N5411-D6411,In service,Sydney Trains,,Sydney Trains,2011 - 2014,"1,435mm Standard"
A12,D6312-N5312-N5512-T6512-T6612-N5612-N5412-D6412,In service,Sydney Trains,,Sydney Trains,2011 - 2014,"1,435mm Standard"
A13,D6313-N5313-N5513-T6513-T6613-N5613-N5413-D6413,In service,Sydney Trains,,Sydney Trains,2011 - 2014,"1,435mm Standard"
A14,D6314-N5314-N5514-T6514-T6614-N5614-N5414-D6414,In service,Sydney Trains,,Sydney Trains,2011 - 2014,"1,435mm Standard"
A15,D6342-N5315-N5515-T6515-T6615-N5615-N5415-D6415,In service,Sydney Trains,Set A15 is currently home to D6342 as D6315 was repaired after hitting a trailer in Vineyard back in 2024. D6315 is now a spare car.,Sydney Trains,2011 - 2014,"1,435mm Standard"
A16,D6316-N5316-N5516-T6516-T6616-N5616-N5416-D6416,In service,Sydney Trains,,Sydney Trains,2011 - 2014,"1,435mm Standard"
A17,D6317-N5317-N5517-T6517-T6617-N5617-N5417-D6417,In service,Sydney Trains,,Sydney Trains,2011 - 2014,"1,435mm Standard"
A18,D6318-N5318-N5518-T6518-T6618-N5618-N5418-D6418,In service,Sydney Trains,,Sydney Trains,2011 - 2014,"1,435mm Standard"
A19,D6319-N5319-N5519-T6519-T6619-N5619-N5419-D6419,In service,Sydney Trains,,Sydney Trains,2011 - 2014,"1,435mm Standard"
A20,D6320-N5320-N5520-T6520-T6620-N5620-N5420-D6420,In service,Sydney Trains,,Sydney Trains,2011 - 2014,"1,435mm Standard"
A21,D6321-N5321-N5521-T6521-T6621-N5621-N5421-D6421,In service,Sydney Trains,,Sydney Trains,2011 - 2014,"1,435mm Standard"
A22,D6322-N5322-N5522-T6522-T6622-N5622-N5422-D6422,In service,Sydney Trains,,Sydney Trains,2011 - 2014,"1,435mm Standard"
A23,D6323-N5323-N5523-T6523-T6623-N5623-N5423-D6423,In service,Sydney Trains,,Sydney Trains,2011 - 2014,"1,435mm Standard"
A24,D6324-N5324-N5524-T6524-T6624-N5624-N5424-D6424,In service,Sydney Trains,,Sydney Trains,2011 - 2014,"1,435mm Standard"
A25,D6325-N5325-N5525-T6525-T6625-N5625-N5425-D6425,In service,Sydney Trains,,Sydney Trains,2011 - 2014,"1,435mm Standard"
A26,D6326-N5326-N5526-T6526-T6626-N5626-N5426-D6426,In service,Sydney Trains,,Sydney Trains,2011 - 2014,"1,435mm Standard"
A27,D6327-N5327-N5527-T6527-T6627-N5627-N5427-D6427,In service,Sydney Trains,,Sydney Trains,2011 - 2014,"1,435mm Standard"
A28,D6328-N5328-N5528-T6528-T6628-N5628-N5428-D6428,In service,Sydney Trains,,Sydney Trains,2011 - 2014,"1,435mm Standard"
A29,D6329-N5329-N5529-T6529-T6629-N5629-N5429-D6429,In service,Sydney Trains,,Sydney Trains,2011 - 2014,"1,435mm Standard"
A30,D6330-N5330-N5530-T6530-T6630-N5630-N5430-D6430,In service,Sydney Trains,,Sydney Trains,2011 - 2014,"1,435mm Standard"
A31,D6331-N5331-N5531-T6531-T6631-N5631-N5431-D6431,In service,Sydney Trains,,Sydney Trains,2011 - 2014,"1,435mm Standard"
A32,D6332-N5332-N5532-T6532-T6632-N5632-N5432-D6432,In service,Sydney Trains,,Sydney Trains,2011 - 2014,"1,435mm Standard"
A33,D6333-N5333-N5533-T6533-T6633-N5633-N5433-D6433,In service,Sydney Trains,,Sydney Trains,2011 - 2014,"1,435mm Standard"
A34,D6334-N5334-N5534-T6534-T6634-N5634-N5434-D6434,In service,Sydney Trains,,Sydney Trains,2011 - 2014,"1,435mm Standard"
A35,D6335-N5335-N5535-T6535-T6635-N5635-N5435-D6435,In service,Sydney Trains,,Sydney Trains,2011 - 2014,"1,435mm Standard"
A36,D6336-N5336-N5536-T6536-T6636-N5636-N5436-D6436,In service,Sydney Trains,,Sydney Trains,2011 - 2014,"1,435mm Standard"
A37,D6337-N5337-N5537-T6537-T6637-N5637-N5437-D6437,In service,Sydney Trains,,Sydney Trains,2011 - 2014,"1,435mm Standard"
A38,D6338-N5338-N5538-T6538-T6638-N5638-N5438-D6438,In service,Sydney Trains,,Sydney Trains,2011 - 2014,"1,435mm Standard"
A39,D6339-N5339-N5539-T6539-T6639-N5639-N5439-D6439,In service,Sydney Trains,,Sydney Trains,2011 - 2014,"1,435mm Standard"
A40,D6340-N5340-N5540-T6540-T6640-N5640-N5440-D6440,In service,Sydney Trains,,Sydney Trains,2011 - 2014,"1,435mm Standard"
A41,D6341-N5341-N5541-T6541-T6641-N5641-N5441-D6441,In service,Sydney Trains,,Sydney Trains,2011 - 2014,"1,435mm Standard"
A42,D6379-N5342-N5542-T6542-T6642-N5642-N5442-D6442,In service,Sydney Trains,D6342 was heavily damaged when it collided with the buffer stop at Richmond back in 2019. D6379 from the prototype Waratah is replacing D6342.,Sydney Trains,2011 - 2014,"1,435mm Standard"
A43,D6343-N5343-N5543-T6543-T6643-N5643-N5443-D6443,In service,Sydney Trains,,Sydney Trains,2011 - 2014,"1,435mm Standard"
A44,D6344-N5344-N5544-T6544-T6644-N5644-N5444-D6444,In service,Sydney Trains,,Sydney Trains,2011 - 2014,"1,435mm Standard"
A45,D6345-N5345-N5545-T6545-T6645-N5645-N5445-D6445,In service,Sydney Trains,,Sydney Trains,2011 - 2014,"1,435mm Standard"
A46,D6346-N5346-N5546-T6546-T6646-N5646-N5446-D6446,In service,Sydney Trains,,Sydney Trains,2011 - 2014,"1,435mm Standard"
A47,D6347-N5347-N5547-T6547-T6647-N5647-N5447-D6447,In service,Sydney Trains,,Sydney Trains,2011 - 2014,"1,435mm Standard"
A48,D6348-N5348-N5548-T6548-T6648-N5648-N5448-D6448,In service,Sydney Trains,,Sydney Trains,2011 - 2014,"1,435mm Standard"
A49,D6349-N5349-N5549-T6549-T6649-N5649-N5449-D6449,In service,Sydney Trains,,Sydney Trains,2011 - 2014,"1,435mm Standard"
A50,D6350-N5350-N5550-T6550-T6650-N5650-N5450-D6450,In service,Sydney Trains,,Sydney Trains,2011 - 2014,"1,435mm Standard"
A51,D6351-N5351-N5551-T6551-T6651-N5651-N5451-D6451,In service,Sydney Trains,,Sydney Trains,2011 - 2014,"1,435mm Standard"
A52,D6352-N5352-N5552-T6552-T6652-N5652-N5452-D6452,In service,Sydney Trains,,Sydney Trains,2011 - 2014,"1,435mm Standard"
A53,D6353-N5353-N5553-T6553-T6653-N5653-N5453-D6453,In service,Sydney Trains,,Sydney Trains,2011 - 2014,"1,435mm Standard"
A54,D6354-N5354-N5554-T6554-T6654-N5654-N5454-D6454,In service,Sydney Trains,,Sydney Trains,2011 - 2014,"1,435mm Standard"
A55,D6355-N5355-N5555-T6555-T6655-N5655-N5455-D6455,In service,Sydney Trains,,Sydney Trains,2011 - 2014,"1,435mm Standard"
A56,D6356-N5356-N5556-T6556-T6656-N5656-N5456-D6456,In service,Sydney Trains,,Sydney Trains,2011 - 2014,"1,435mm Standard"
A57,D6357-N5357-N5557-T6557-T6657-N5657-N5457-D6457,In service,Sydney Trains,,Sydney Trains,2011 - 2014,"1,435mm Standard"
A58,D6358-N5358-N5558-T6558-T6658-N5658-N5458-D6458,In service,Sydney Trains,,Sydney Trains,2011 - 2014,"1,435mm Standard"
A59,D6359-N5359-N5559-T6559-T6659-N5659-N5459-D6459,In service,Sydney Trains,,Sydney Trains,2011 - 2014,"1,435mm Standard"
A60,D6360-N5360-N5560-T6560-T6660-N5660-N5460-D6460,In service,Sydney Trains,,Sydney Trains,2011 - 2014,"1,435mm Standard"
A61,D6361-N5361-N5561-T6561-T6661-N5661-N5461-D6461,In service,Sydney Trains,,Sydney Trains,2011 - 2014,"1,435mm Standard"
A62,D6362-N5362-N5562-T6562-T6662-N5662-N5462-D6462,In service,Sydney Trains,,Sydney Trains,2011 - 2014,"1,435mm Standard"
A63,D6363-N5363-N5563-T6563-T6663-N5663-N5463-D6463,In service,Sydney Trains,,Sydney Trains,2011 - 2014,"1,435mm Standard"
A64,D6364-N5364-N5564-T6564-T6664-N5664-N5464-D6464,In service,Sydney Trains,,Sydney Trains,2011 - 2014,"1,435mm Standard"
A65,D6365-N5365-N5565-T6565-T6665-N5665-N5465-D6465,In service,Sydney Trains,,Sydney Trains,2011 - 2014,"1,435mm Standard"
A66,D6366-N5366-N5566-T6566-T6666-N5666-N5466-D6466,In service,Sydney Trains,,Sydney Trains,2011 - 2014,"1,435mm Standard"
A67,D6367-N5367-N5567-T6567-T6667-N5667-N5467-D6467,In service,Sydney Trains,,Sydney Trains,2011 - 2014,"1,435mm Standard"
A68,D6368-N5368-N5568-T6568-T6668-N5668-N5468-D6468,In service,Sydney Trains,,Sydney Trains,2011 - 2014,"1,435mm Standard"
A69,D6369-N5369-N5569-T6569-T6669-N5669-N5469-D6469,In service,Sydney Trains,,Sydney Trains,2011 - 2014,"1,435mm Standard"
A70,D6370-N5370-N5570-T6570-T6670-N5670-N5470-D6470,In service,Sydney Trains,,Sydney Trains,2011 - 2014,"1,435mm Standard"
A71,D6371-N5371-N5571-T6571-T6671-N5671-N5471-D6471,In service,Sydney Trains,,Sydney Trains,2011 - 2014,"1,435mm Standard"
A72,D6372-N5372-N5572-T6572-T6672-N5672-N5472-D6472,In service,Sydney Trains,,Sydney Trains,2011 - 2014,"1,435mm Standard"
A73,D6373-N5373-N5573-T6573-T6673-N5673-N5473-D6473,In service,Sydney Trains,,Sydney Trains,2011 - 2014,"1,435mm Standard"
A74,D6374-N5374-N5574-T6574-T6674-N5674-N5474-D6474,In service,Sydney Trains,,Sydney Trains,2011 - 2014,"1,435mm Standard"
A75,D6375-N5375-N5575-T6575-T6675-N5675-N5475-D6475,In service,Sydney Trains,,Sydney Trains,2011 - 2014,"1,435mm Standard"
A76,D6376-N5376-N5576-T6576-T6676-N5676-N5476-D6476,In service,Sydney Trains,,Sydney Trains,2011 - 2014,"1,435mm Standard"
A77,D6377-N5377-N5577-T6577-T6677-N5677-N5477-D6477,In service,Sydney Trains,,Sydney Trains,2011 - 2014,"1,435mm Standard"
A78,D6378-N5378-N5578-T6578-T6678-N5678-N5478-D6478,In service,Sydney Trains,,Sydney Trains,2011 - 2014,"1,435mm Standard"
A80,D6380-N5380-N5580-T6580-T6680-N5680-N5480-D6480,In service,Sydney Trains,Set A80 is A2's replacement.,Sydney Trains,2011 - 2014,"1,435mm Standard"
,,,,,,,
Waratah B set fleet,,,,,,,
Set number:,Formation:,Status:,Livery:,Fact/Note:,Operator:,Entered service:,Gauge:
B1,D1101-N1701-N1901-T1301-T1401-N1801-N1601-D1201,In service,Sydney Trains,,Sydney Trains,2018 - 2019,"1,435mm Standard"
B2,D1102-N1702-N1902-T1302-T1402-N1802-N1602-D1202,In service,Sydney Trains,B2 was the first B set to enter service.,Sydney Trains,2018 - 2019,"1,435mm Standard"
B3,D1103-N1703-N1903-T1303-T1403-N1803-N1603-D1203,In service,Sydney Trains,,Sydney Trains,2018 - 2019,"1,435mm Standard"
B4,D1104-N1704-N1904-T1304-T1404-N1804-N1604-D1204,In service,Sydney Trains,,Sydney Trains,2018 - 2019,"1,435mm Standard"
B5,D1105-N1705-N1905-T1305-T1405-N1805-N1605-D1205,In service,Sydney Trains,,Sydney Trains,2018 - 2019,"1,435mm Standard"
B6,D1106-N1706-N1906-T1306-T1406-N1806-N1606-D1206,In service,Sydney Trains,,Sydney Trains,2018 - 2019,"1,435mm Standard"
B7,D1107-N1707-N1907-T1307-T1407-N1807-N1607-D1207,In service,Sydney Trains,,Sydney Trains,2018 - 2019,"1,435mm Standard"
B8,D1108-N1708-N1908-T1308-T1408-N1808-N1608-D1208,In service,Sydney Trains,,Sydney Trains,2018 - 2019,"1,435mm Standard"
B9,D1109-N1709-N1909-T1309-T1409-N1809-N1609-D1209,In service,Sydney Trains,,Sydney Trains,2018 - 2019,"1,435mm Standard"
B10,D1110-N1710-N1910-T1310-T1410-N1810-N1610-D1210,In service,Sydney Trains,,Sydney Trains,2018 - 2019,"1,435mm Standard"
B11,D1111-N1711-N1911-T1311-T1411-N1811-N1611-D1211,In service,Sydney Trains,,Sydney Trains,2018 - 2019,"1,435mm Standard"
B12,D1112-N1712-N1912-T1312-T1412-N1812-N1612-D1212,In service,Sydney Trains,,Sydney Trains,2018 - 2019,"1,435mm Standard"
B13,D1113-N1713-N1913-T1313-T1413-N1813-N1613-D1213,In service,Sydney Trains,,Sydney Trains,2018 - 2019,"1,435mm Standard"
B14,D1114-N1714-N1914-T1314-T1414-N1814-N1614-D1214,In service,Sydney Trains,,Sydney Trains,2018 - 2019,"1,435mm Standard"
B15,D1115-N1715-N1915-T1315-T1415-N1815-N1615-D1215,In service,Sydney Trains,,Sydney Trains,2018 - 2019,"1,435mm Standard"
B16,D1116-N1716-N1916-T1316-T1416-N1816-N1616-D1216,In service,Sydney Trains,,Sydney Trains,2018 - 2019,"1,435mm Standard"
B17,D1117-N1717-N1917-T1317-T1417-N1817-N1617-D1217,In service,Sydney Trains,,Sydney Trains,2018 - 2019,"1,435mm Standard"
B18,D1118-N1718-N1918-T1318-T1418-N1818-N1618-D1218,In service,Sydney Trains,,Sydney Trains,2018 - 2019,"1,435mm Standard"
B19,D1119-N1719-N1919-T1319-T1419-N1819-N1619-D1219,In service,Sydney Trains,,Sydney Trains,2018 - 2019,"1,435mm Standard"
B20,D1120-N1720-N1920-T1320-T1420-N1820-N1620-D1220,In service,Sydney Trains,,Sydney Trains,2018 - 2019,"1,435mm Standard"
B21,D1121-N1721-N1921-T1321-T1421-N1821-N1621-D1221,In service,Sydney Trains,,Sydney Trains,2018 - 2019,"1,435mm Standard"
B22,D1122-N1722-N1922-T1322-T1422-N1822-N1622-D1222,In service,Sydney Trains,,Sydney Trains,2018 - 2019,"1,435mm Standard"
B23,D1123-N1723-N1923-T1323-T1423-N1823-N1623-D1223,In service,Sydney Trains,,Sydney Trains,2018 - 2019,"1,435mm Standard"
B24,D1124-N1724-N1924-T1324-T1424-N1824-N1624-D1224,In service,Sydney Trains,"The last of the first batch of Waratah Series 2 trains. Partook in the Farewell Sydney's S Sets tour in 2019, running with S28, S51 and F1.",Sydney Trains,2018 - 2019,"1,435mm Standard"
B25,D1125-N1725-N1925-T1325-T1425-N1825-N1625-D1225,In service,Sydney Trains,,Sydney Trains,2020 - 2021,"1,435mm Standard"
B26,D1126-N1726-N1926-T1326-T1426-N1826-N1626-D1226,In service,Sydney Trains,,Sydney Trains,2020 - 2021,"1,435mm Standard"
B27,D1127-N1727-N1927-T1327-T1427-N1827-N1627-D1227,In service,Sydney Trains,,Sydney Trains,2020 - 2021,"1,435mm Standard"
B28,D1128-N1728-N1928-T1328-T1428-N1828-N1628-D1228,In service,Sydney Trains,,Sydney Trains,2020 - 2021,"1,435mm Standard"
B29,D1129-N1729-N1929-T1329-T1429-N1829-N1629-D1229,In service,Sydney Trains,,Sydney Trains,2020 - 2021,"1,435mm Standard"
B30,D1130-N1730-N1930-T1330-T1430-N1830-N1630-D1230,In service,Sydney Trains,,Sydney Trains,2020 - 2021,"1,435mm Standard"
B31,D1131-N1731-N1931-T1331-T1431-N1831-N1631-D1231,In service,Sydney Trains,,Sydney Trains,2020 - 2021,"1,435mm Standard"
B32,D1132-N1732-N1932-T1332-T1432-N1832-N1632-D1232,In service,Sydney Trains,,Sydney Trains,2020 - 2021,"1,435mm Standard"
B33,D1133-N1733-N1933-T1333-T1433-N1833-N1633-D1233,In service,Sydney Trains,,Sydney Trains,2020 - 2021,"1,435mm Standard"
B34,D1134-N1734-N1934-T1334-T1434-N1834-N1634-D1234,In service,Sydney Trains,,Sydney Trains,2020 - 2021,"1,435mm Standard"
B35,D1135-N1735-N1935-T1335-T1435-N1835-N1635-D1235,In service,Sydney Trains,,Sydney Trains,2020 - 2021,"1,435mm Standard"
B36,D1136-N1736-N1936-T1336-T1436-N1836-N1636-D1236,In service,Sydney Trains,,Sydney Trains,2020 - 2021,"1,435mm Standard"
B37,D1137-N1737-N1937-T1337-T1437-N1837-N1637-D1237,In service,Sydney Trains,,Sydney Trains,2020 - 2021,"1,435mm Standard"
B38,D1138-N1738-N1938-T1338-T1438-N1838-N1638-D1238,In service,Sydney Trains,,Sydney Trains,2020 - 2021,"1,435mm Standard"
B39,D1139-N1739-N1939-T1339-T1439-N1839-N1639-D1239,In service,Sydney Trains,,Sydney Trains,2020 - 2021,"1,435mm Standard"
B40,D1140-N1740-N1940-T1340-T1440-N1840-N1640-D1240,In service,Sydney Trains,,Sydney Trains,2020 - 2021,"1,435mm Standard"
B41,D1141-N1741-N1941-T1341-T1441-N1841-N1641-D1241,In service,Sydney Trains,"Nicknamed ""Queen B"" as B41 was the last B set to enter service.",Sydney Trains,2020 - 2021,"1,435mm Standard"
,,,,,,,
OSCar H set fleet,,,,,,,
Set number,Formation:,Status:,Livery:,Fact/Note:,Operator:,Entered service:,Gauge:
H1,OD6901-ONL5951-ON5901-OD6902,In service,CityRail with ST logo's,Prototype set,Sydney Trains,2006 - 2012,"1,435mm Standard"
H2,OD6903-ONL5952-ON5902-OD6904,In service,CityRail with ST logo's,,Sydney Trains,2006 - 2012,"1,435mm Standard"
H3,OD6905-ONL5953-ON5903-OD6906,In service,CityRail with ST logo's,First OSCar to enter service.,Sydney Trains,2006 - 2012,"1,435mm Standard"
H4,OD6907-ONL5954-ON5904-OD6908,In service,CityRail with ST logo's,Former ATP test train.,Sydney Trains,2006 - 2012,"1,435mm Standard"
H5,OD6909-ONL5955-ON5905-OD6910,In service,CityRail with ST logo's,Former ATP test train.,Sydney Trains,2006 - 2012,"1,435mm Standard"
H6,OD6911-ONL5956-ON5906-OD6912,In service,CityRail with ST logo's,,Sydney Trains,2006 - 2012,"1,435mm Standard"
H7,OD6913-ONL5957-ON5907-OD6914,In service,CityRail with ST logo's,,Sydney Trains,2006 - 2012,"1,435mm Standard"
H8,OD6915-ONL5958-ON5908-OD6916,In service,CityRail with ST logo's,,Sydney Trains,2006 - 2012,"1,435mm Standard"
H9,OD6917-ONL5959-ON5909-OD6918,In service,CityRail with ST logo's,,Sydney Trains,2006 - 2012,"1,435mm Standard"
H10,OD6919-ONL5960-ON5910-OD6920,In service,CityRail with ST logo's,,Sydney Trains,2006 - 2012,"1,435mm Standard"
H11,OD6923-ONL5961-ON5911-OD6924,In service,CityRail with ST logo's,,Sydney Trains,2006 - 2012,"1,435mm Standard"
H12,OD6925-ONL5962-ON5912-OD6926,In service,CityRail with ST logo's,,Sydney Trains,2006 - 2012,"1,435mm Standard"
H13,OD6927-ONL5963-ON5913-OD6928,In service,CityRail with ST logo's,,Sydney Trains,2006 - 2012,"1,435mm Standard"
H14,OD6929-ONL5964-ON5914-OD6930,In service,CityRail with ST logo's,,Sydney Trains,2006 - 2012,"1,435mm Standard"
H15,OD6931-ONL5965-ON5915-OD6932,In service,CityRail with ST logo's,,Sydney Trains,2006 - 2012,"1,435mm Standard"
H16,OD6933-ONL5966-ON5916-OD6934,In service,CityRail with ST logo's,,Sydney Trains,2006 - 2012,"1,435mm Standard"
H17,OD6935-ONL5967-ON5917-OD6936,In service,CityRail with ST logo's,,Sydney Trains,2006 - 2012,"1,435mm Standard"
H18,OD6937-ONL5968-ON5918-OD6938,In service,CityRail with ST logo's,,Sydney Trains,2006 - 2012,"1,435mm Standard"
H19,OD6939-ONL5969-ON5919-OD6940,In service,CityRail with ST logo's,,Sydney Trains,2006 - 2012,"1,435mm Standard"
H20,OD6941-ONL5970-ON5920-OD6942,In service,CityRail with ST logo's,,Sydney Trains,2006 - 2012,"1,435mm Standard"
H21,OD6943-ONL5971-ON5921-OD6944,In service,CityRail with ST logo's,,Sydney Trains,2006 - 2012,"1,435mm Standard"
H22,OD6945-ONL5972-ON5922-OD6946,In service,CityRail with ST logo's,,Sydney Trains,2006 - 2012,"1,435mm Standard"
H23,OD6947-ONL5973-ON5923-OD6948,In service,CityRail with ST logo's,,Sydney Trains,2006 - 2012,"1,435mm Standard"
H24,OD6949-ONL5974-ON5924-OD6950,In service,CityRail with ST logo's,,Sydney Trains,2006 - 2012,"1,435mm Standard"
H25,OD6951-ONL5975-ON5925-OD6952,In service,CityRail with ST logo's,,Sydney Trains,2006 - 2012,"1,435mm Standard"
H26,OD6953-ONL5976-ON5926-OD6954,In service,CityRail with ST logo's,,Sydney Trains,2006 - 2012,"1,435mm Standard"
H27,OD6955-ONL5977-ON5927-OD6956,In service,CityRail with ST logo's,,Sydney Trains,2006 - 2012,"1,435mm Standard"
H28,OD6957-ONL5978-ON5928-OD6958,In service,CityRail with ST logo's,,Sydney Trains,2006 - 2012,"1,435mm Standard"
H29,OD6959-ONL5979-ON5929-OD6960,In service,CityRail with ST logo's,,Sydney Trains,2006 - 2012,"1,435mm Standard"
H30,OD6961-ONL5980-ON5930-OD6962,In service,CityRail with ST logo's,,Sydney Trains,2006 - 2012,"1,435mm Standard"
H31,OD6963-ONL5981-ON5931-OD6964,In service,CityRail with ST logo's,,Sydney Trains,2006 - 2012,"1,435mm Standard"
H32,OD6965-ONL5982-ON5932-OD6966,In service,CityRail with ST logo's,,Sydney Trains,2006 - 2012,"1,435mm Standard"
H33,OD6967-ONL5983-ON5933-OD6968,In service,CityRail with ST logo's,,Sydney Trains,2006 - 2012,"1,435mm Standard"
H34,OD6969-ONL5984-ON5934-OD6970,In service,CityRail with ST logo's,,Sydney Trains,2006 - 2012,"1,435mm Standard"
H35,OD6971-ONL5985-ON5935-OD6972,In service,CityRail with ST logo's,,Sydney Trains,2006 - 2012,"1,435mm Standard"
H36,OD6973-ONL5986-ON5936-OD6974,In service,CityRail with ST logo's,,Sydney Trains,2006 - 2012,"1,435mm Standard"
H37,OD6975-ONL5987-ON5937-OD6976,In service,CityRail with ST logo's,,Sydney Trains,2006 - 2012,"1,435mm Standard"
H38,OD6977-ONL5988-ON5938-OD6978,In service,CityRail with ST logo's,,Sydney Trains,2006 - 2012,"1,435mm Standard"
H39,OD6979-ONL5989-ON5939-OD6980,In service,CityRail with ST logo's,,Sydney Trains,2006 - 2012,"1,435mm Standard"
H40,OD6981-ONL5990-ON5940-OD6982,In service,CityRail with ST logo's,,Sydney Trains,2006 - 2012,"1,435mm Standard"
H41,OD6983-ONL5991-ON5941-OD6984,In service,CityRail with ST logo's,,Sydney Trains,2006 - 2012,"1,435mm Standard"
H42,OD6985-ONL5992-ON5942-OD6986,In service,CityRail with ST logo's,,Sydney Trains,2006 - 2012,"1,435mm Standard"
H43,OD6987-ONL5993-ON5943-OD6988,In service,CityRail with ST logo's,,Sydney Trains,2006 - 2012,"1,435mm Standard"
H44,OD6989-ONL5994-ON5944-OD6990,In service,CityRail with ST logo's,,Sydney Trains,2006 - 2012,"1,435mm Standard"
H45,OD6991-ONL5995-ON5945-OD6992,In service,CityRail with ST logo's,,Sydney Trains,2006 - 2012,"1,435mm Standard"
H46,OD6993-ONL5996-ON5946-OD6994,In service,CityRail with ST logo's,,Sydney Trains,2006 - 2012,"1,435mm Standard"
H47,OD6995-ONL5997-ON5947-OD6996,In service,CityRail with ST logo's,,Sydney Trains,2006 - 2012,"1,435mm Standard"
H48,OD6997-ONL5998-ON5948-OD6998,In service,CityRail with ST logo's,,Sydney Trains,2006 - 2012,"1,435mm Standard"
H49,OD6921-ONL5999-ON5949-OD6922,In service,CityRail with ST logo's,,Sydney Trains,2006 - 2012,"1,435mm Standard"
H50,OD6843-ONL5871-ON5821-OD6844,In service,CityRail with ST logo's,,Sydney Trains,2006 - 2012,"1,435mm Standard"
H51,OD6845-ONL5872-ON5822-OD6846,In service,CityRail with ST logo's,,Sydney Trains,2006 - 2012,"1,435mm Standard"
H52,OD6847-ONL5873-ON5823-OD6848,In service,CityRail with ST logo's,,Sydney Trains,2006 - 2012,"1,435mm Standard"
H53,OD6849-ONL5874-ON5824-OD6850,In service,CityRail with ST logo's,,Sydney Trains,2006 - 2012,"1,435mm Standard"
H54,OD6851-ONL5875-ON5825-OD6852,In service,CityRail with ST logo's,,Sydney Trains,2006 - 2012,"1,435mm Standard"
H55,OD6853-ONL5876-ON5826-OD6854,In service,Koori Kockout special,"In 2019, H55 was given an indigenous livery in support of the Koori Knockout. It also has ""Bring the mob home safely"" on one of the carriages.",Sydney Trains,2006 - 2012,"1,435mm Standard"
,,,,,,,
Hunter J set fleet,,,,,,,
Set number:,Formation:,Status:,Livery:,Fact/Note:,Operator:,Entered service:,Gauge:
J1,HM2701-HMT2751,In service,NSW TrainLink,,Sydney Trains,2006,"1,435mm Standard"
J2,HM2702-HMT2752,In service,NSW TrainLink,,Sydney Trains,2006,"1,435mm Standard"
J3,HM2703-HMT2753,In service,NSW TrainLink,,Sydney Trains,2006,"1,435mm Standard"
J4,HM2704-HMT2754,In service,NSW TrainLink,,Sydney Trains,2006,"1,435mm Standard"
J5,HM2705-HMT2755,In service,NSW TrainLink,,Sydney Trains,2006,"1,435mm Standard"
J6,HM2706-HMT2756,In service,NSW TrainLink,,Sydney Trains,2006,"1,435mm Standard"
J7,HM2707-HMT2757,In service,NSW TrainLink,J7 was the first J set to be fully refurbished back in 2014.,Sydney Trains,2006,"1,435mm Standard"
,,,,,,,
K set fleet,,,,,,,
Set number:,Formation:,Status:,Livery:,Fact/Note:,Operator:,Entered service:,Gauge:
K60,Not applicable.,In service,Sydney Trains,Ran the last revenue service through Sydenham platforms 1&2 prior to their closure for conversion to Metro,Sydney Trains,1981 - 1985,"1,435mm Standard"
K61,Not applicable.,In service,Sydney Trains,,Sydney Trains,1981 - 1985,"1,435mm Standard"
K62,Not applicable.,In service,Sydney Trains,,Sydney Trains,1981 - 1985,"1,435mm Standard"
K63,Not applicable.,In service,Sydney Trains,,Sydney Trains,1981 - 1985,"1,435mm Standard"
K64,Not applicable.,In service,Sydney Trains,,Sydney Trains,1981 - 1985,"1,435mm Standard"
K65,Not applicable.,In service,Sydney Trains,,Sydney Trains,1981 - 1985,"1,435mm Standard"
K66,Not applicable.,In service,Sydney Trains,,Sydney Trains,1981 - 1985,"1,435mm Standard"
K67,Not applicable.,In service,Sydney Trains,,Sydney Trains,1981 - 1985,"1,435mm Standard"
K68,Not applicable.,In service,Sydney Trains,,Sydney Trains,1981 - 1985,"1,435mm Standard"
K69,Not applicable.,In service,Sydney Trains,,Sydney Trains,1981 - 1985,"1,435mm Standard"
K70,Not applicable.,In service,Sydney Trains,,Sydney Trains,1981 - 1985,"1,435mm Standard"
K71,Not applicable.,In service,Sydney Trains,,Sydney Trains,1981 - 1985,"1,435mm Standard"
K72,Not applicable.,In service,Sydney Trains,,Sydney Trains,1981 - 1985,"1,435mm Standard"
K73,Not applicable.,In service,Sydney Trains,,Sydney Trains,1981 - 1985,"1,435mm Standard"
K74,Not applicable.,In service,Sydney Trains,K74 held the honour of running the last revenue K set service on the Carlingford line prior to closure in 2020.,Sydney Trains,1981 - 1985,"1,435mm Standard"
K75,Not applicable.,In service,Sydney Trains,,Sydney Trains,1981 - 1985,"1,435mm Standard"
K76,Not applicable.,In service,Sydney Trains,,Sydney Trains,1981 - 1985,"1,435mm Standard"
K77,Not applicable.,In service,Sydney Trains,,Sydney Trains,1981 - 1985,"1,435mm Standard"
K78,Not applicable.,In service,Sydney Trains,,Sydney Trains,1981 - 1985,"1,435mm Standard"
K79,Not applicable.,In service,Sydney Trains,,Sydney Trains,1981 - 1985,"1,435mm Standard"
K80,Not applicable.,In service,Sydney Trains,,Sydney Trains,1981 - 1985,"1,435mm Standard"
K81,Not applicable.,In service,Sydney Trains,,Sydney Trains,1981 - 1985,"1,435mm Standard"
K82,Not applicable.,In service,Sydney Trains,,Sydney Trains,1981 - 1985,"1,435mm Standard"
K83,Not applicable.,In service,Sydney Trains,,Sydney Trains,1981 - 1985,"1,435mm Standard"
K84,Not applicable.,In service,Sydney Trains,,Sydney Trains,1981 - 1985,"1,435mm Standard"
K85,Not applicable.,In service,Sydney Trains,,Sydney Trains,1981 - 1985,"1,435mm Standard"
K86,Not applicable.,In service,Sydney Trains,,Sydney Trains,1981 - 1985,"1,435mm Standard"
K87,Not applicable.,In service,Sydney Trains,,Sydney Trains,1981 - 1985,"1,435mm Standard"
K88,Not applicable.,In service,Sydney Trains,,Sydney Trains,1981 - 1985,"1,435mm Standard"
K89,Not applicable.,In service,Sydney Trains,,Sydney Trains,1981 - 1985,"1,435mm Standard"
K90,Not applicable.,In service,Sydney Trains,,Sydney Trains,1981 - 1985,"1,435mm Standard"
K91,Not applicable.,In service,Sydney Trains,,Sydney Trains,1981 - 1985,"1,435mm Standard"
K92,Not applicable.,In service,Sydney Trains,,Sydney Trains,1981 - 1985,"1,435mm Standard"
K93,Not applicable.,In service,Sydney Trains,,Sydney Trains,1981 - 1985,"1,435mm Standard"
K94,Not applicable.,In service,Sydney Trains,"Became the ""Tekno Train"" for Vivid Sydney 2024",Sydney Trains,1981 - 1985,"1,435mm Standard"
K95,Not applicable.,In service,Sydney Trains,,Sydney Trains,1981 - 1985,"1,435mm Standard"
K96,Not applicable.,In service,Sydney Trains,,Sydney Trains,1981 - 1985,"1,435mm Standard"
K97,Not applicable.,In service,Sydney Trains,Ran the last revenue service through Sydenham platforms 1&2 prior to their closure for conversion to Metro,Sydney Trains,1981 - 1985,"1,435mm Standard"
K98,Not applicable.,In service,Sydney Trains,,Sydney Trains,1981 - 1985,"1,435mm Standard"
K99,Not applicable.,In service,Sydney Trains,,Sydney Trains,1981 - 1985,"1,435mm Standard"
,,,,,,,
Millenium M set fleet,,,,,,,
Set number:,Formation:,Status:,Livery:,Fact/Note:,Operator:,Entered service:,Gauge:
M1,D1001-N1501-N1502-D1002,In service,CityRail with ST logo's,Inside of doors are grey instead of white.,Sydney Trains,2002 - 2005,"1,435mm Standard"
M2,D1003-N1503-N1504-D1004,In service,CityRail with ST logo's,,Sydney Trains,2002 - 2005,"1,435mm Standard"
M3,D1005-N1505-N1506-D1006,In service,CityRail with ST logo's,M3 was the first M set to enter service.,Sydney Trains,2002 - 2005,"1,435mm Standard"
M4,D1007-N1507-N1508-D1008,In service,CityRail with ST logo's,,Sydney Trains,2002 - 2005,"1,435mm Standard"
M5,D1009-N1509-N1510-D1010,In service,CityRail with ST logo's,,Sydney Trains,2002 - 2005,"1,435mm Standard"
M6,D1011-N1511-N1512-D1012,In service,CityRail with ST logo's,,Sydney Trains,2002 - 2005,"1,435mm Standard"
M7,D1013-N1513-N1514-D1014,In service,CityRail with ST logo's,,Sydney Trains,2002 - 2005,"1,435mm Standard"
M8,D1015-N1515-N1516-D1016,In service,CityRail with ST logo's,,Sydney Trains,2002 - 2005,"1,435mm Standard"
M9,D1017-N1517-N1518-D1018,In service,CityRail with ST logo's,,Sydney Trains,2002 - 2005,"1,435mm Standard"
M10,D1019-N1519-N1520-D1020,In service,CityRail with ST logo's,,Sydney Trains,2002 - 2005,"1,435mm Standard"
M11,D1021-N1521-N1522-D1022,In service,CityRail with ST logo's,,Sydney Trains,2002 - 2005,"1,435mm Standard"
M12,D1023-N1523-N1524-D1024,In service,CityRail with ST logo's,,Sydney Trains,2002 - 2005,"1,435mm Standard"
M13,D1025-N1525-N1526-D1026,In service,CityRail with ST logo's,,Sydney Trains,2002 - 2005,"1,435mm Standard"
M14,D1027-N1527-N1528-D1028,In service,CityRail with ST logo's,,Sydney Trains,2002 - 2005,"1,435mm Standard"
M15,D1029-N1529-N1530-D1030,In service,CityRail with ST logo's,,Sydney Trains,2002 - 2005,"1,435mm Standard"
M16,D1031-N1531-N1532-D1032,In service,CityRail with ST logo's,,Sydney Trains,2002 - 2005,"1,435mm Standard"
M17,D1033-N1533-N1534-D1034,In service,CityRail with ST logo's,,Sydney Trains,2002 - 2005,"1,435mm Standard"
M18,D1035-N1535-N1536-D1036,In service,CityRail with ST logo's,,Sydney Trains,2002 - 2005,"1,435mm Standard"
M19,D1037-N1537-N1538-D1038,In service,CityRail with ST logo's,,Sydney Trains,2002 - 2005,"1,435mm Standard"
M20,D1039-N1539-N1540-D1040,In service,CityRail with ST logo's,,Sydney Trains,2002 - 2005,"1,435mm Standard"
M21,D1041-N1541-N1542-D1042,In service,CityRail with ST logo's,,Sydney Trains,2002 - 2005,"1,435mm Standard"
M22,D1043-N1543-N1544-N1044,In service,CityRail with ST logo's,,Sydney Trains,2002 - 2005,"1,435mm Standard"
M23,D1045-N1545-N1546-N1046,In service,CityRail with ST logo's,,Sydney Trains,2002 - 2005,"1,435mm Standard"
M24,D1047-N1547-N1548-N1048,In service,CityRail with ST logo's,,Sydney Trains,2002 - 2005,"1,435mm Standard"
M25,D1049-N1549-N1550-N1050,In service,CityRail with ST logo's,,Sydney Trains,2002 - 2005,"1,435mm Standard"
M26,D1051-N1551-N1552-D1052,In service,CityRail with ST logo's,,Sydney Trains,2002 - 2005,"1,435mm Standard"
M27,D1053-N1553-N1554-D1054,In service,CityRail with ST logo's,,Sydney Trains,2002 - 2005,"1,435mm Standard"
M28,D1055-N1555-N1556-D1056,In service,CityRail with ST logo's,Former ATP test train.,Sydney Trains,2002 - 2005,"1,435mm Standard"
M29,D1057-N1557-N1558-D1058,In service,CityRail with ST logo's,,Sydney Trains,2002 - 2005,"1,435mm Standard"
M30,D1059-N1559-N1560-D1060,In service,CityRail with ST logo's,Ran the last revenue service on the Carlingford Line before its closure in 2020.,Sydney Trains,2002 - 2005,"1,435mm Standard"
M31,D1061-N1561-N1562-D1062,In service,CityRail with ST logo's,,Sydney Trains,2002 - 2005,"1,435mm Standard"
M32,D1063-N1563-N1564-D1064,In service,CityRail with ST logo's,,Sydney Trains,2002 - 2005,"1,435mm Standard"
M33,D1065-N1565-N1566-D1066,In service,CityRail with ST logo's,,Sydney Trains,2002 - 2005,"1,435mm Standard"
M34,D1067-N1567-N1568-D1068,In service,CityRail with ST logo's,,Sydney Trains,2002 - 2005,"1,435mm Standard"
M35,D1069-N1569-N1570-D1070,In service,CityRail with ST logo's,,Sydney Trains,2002 - 2005,"1,435mm Standard"
,,,,,,,
Endeavour N set fleet,,,,,,,
Set number:,Formation,Status:,Livery:,Fact/Note:,Operator:,Entered service:,Gauge:
N1,TE2801-LE2851,In service,NSW TrainLink,Wears the NSW TrainLink livery.,Sydney Trains,1994,"1,435mm Standard"
N2,TE2802-LE2852,In service,NSW TrainLink,Wears the NSW TrainLink livery.,Sydney Trains,1994,"1,435mm Standard"
N3,TE2803-LE2853,In service,Ex CityRail,,Sydney Trains,1994,"1,435mm Standard"
N4,TE2804-LE2854,In service,Ex CityRail,,Sydney Trains,1994,"1,435mm Standard"
N5,TE2805-LE2855,In service,Ex CityRail,,Sydney Trains,1994,"1,435mm Standard"
N6,TE2806-LE2856,In service,Ex CityRail,,Sydney Trains,1994,"1,435mm Standard"
N7,TE2807-LE2857,In service,Ex CityRail,,Sydney Trains,1994,"1,435mm Standard"
N8,TE2808-LE2858,In service,Ex CityRail,,Sydney Trains,1994,"1,435mm Standard"
N9,TE2809-LE2859,In service,Ex CityRail,,Sydney Trains,1994,"1,435mm Standard"
N10,TE2810-LE2860,In service,Ex CityRail,,Sydney Trains,1994,"1,435mm Standard"
N11,TE2811-LE2861,In service,Ex CityRail,,Sydney Trains,1994,"1,435mm Standard"
N12,TE2812-LE2862,In service,Ex CityRail,,Sydney Trains,1994,"1,435mm Standard"
N13,TE2813-LE2863,In service,Ex CityRail,Seen in the Peter Rabbit (2018) film.,Sydney Trains,1994,"1,435mm Standard"
N14,TE2814-LE2864,In service,Ex CityRail,,Sydney Trains,1994,"1,435mm Standard"
N15,TE2815-LE2865,Converted,Ex CountryLink,N15 was converted into an Xplorer set.,NSW TrainLink,N/A,"1,435mm Standard"
,,,,,,,
Tangara T set fleet,,,,,,,
Set number:,Formation:,Status:,Livery:,Fact/Note:,Operator:,Entered service:,Gauge:
T1,D6105-N5105-N5106-D6106,In service,Sydney Trains,,Sydney Trains,1988 - 1994,"1,435mm Standard"
T2,D6119-N5119-N5141-D6141,In service,Sydney Trains,,Sydney Trains,1988 - 1994,"1,435mm Standard"
T3,D6253-N5253-N5254-D6254,In service,Sydney Trains,,Sydney Trains,1988 - 1994,"1,435mm Standard"
T4,D6136-N5136-N5137-D6137,In service,Sydney Trains,,Sydney Trains,1988 - 1994,"1,435mm Standard"
T5,D6118-N5118-N5140-D6140,In service,Sydney Trains,,Sydney Trains,1988 - 1994,"1,435mm Standard"
T6,D6175-N5175-N5146-D6146,In service,Sydney Trains,,Sydney Trains,1988 - 1994,"1,435mm Standard"
T7,D6191-N5191-N5192-D6192,In service,Sydney Trains,,Sydney Trains,1988 - 1994,"1,435mm Standard"
T8,D6217-N5217-N5218-D6218,In service,Sydney Trains,,Sydney Trains,1988 - 1994,"1,435mm Standard"
T9,D6219-N5219-N5220-D6220,In service,Sydney Trains,,Sydney Trains,1988 - 1994,"1,435mm Standard"
T10,D6221-N5221-N5222-D6222,In service,Sydney Trains,,Sydney Trains,1988 - 1994,"1,435mm Standard"
T11,D6163-N5163-N5164-D6164,In service,Sydney Trains,Ex T82,Sydney Trains,1988 - 1994,"1,435mm Standard"
T12,D6247-N5247-N5248-D6248,In service,Sydney Trains,,Sydney Trains,1988 - 1994,"1,435mm Standard"
T13,D6249-N5249-N5250-D6250,In service,Sydney Trains,Former ATP test train.,Sydney Trains,1988 - 1994,"1,435mm Standard"
T14,D6251-N5251-N5854-D6808,In service,Sydney Trains,,Sydney Trains,1988 - 1994,"1,435mm Standard"
T15,D6239-N5239-N5240-D6240,In service,Sydney Trains,,Sydney Trains,1988 - 1994,"1,435mm Standard"
T16,D6108-N5241-N5242-D6242,In service,Sydney Trains,D6108 replacing D6241 which was written off and stripped for parts.,Sydney Trains,1988 - 1994,"1,435mm Standard"
T17,D6243-N5243-N5244-D6244,In service,Sydney Trains,,Sydney Trains,1988 - 1994,"1,435mm Standard"
T18,D6121-N5121-N5122-D6122,In service,Sydney Trains,,Sydney Trains,1988 - 1994,"1,435mm Standard"
T19,D6146-N5176-N5285-D6285,In service,Sydney Trains,"D6285 and N5285 replace D6127 and N5127, both which were written off in the 1989 Wentworthville derailment.",Sydney Trains,1988 - 1994,"1,435mm Standard"
T20,D6101-N5101-N5102-D6102,In service,Sydney Trains,First T set to enter service.,Sydney Trains,1988 - 1994,"1,435mm Standard"
T21,D6120-N5120-N5142-D6142,In service,Sydney Trains,,Sydney Trains,1988 - 1994,"1,435mm Standard"
T22,D6109-N5109-N5112-D6112,In service,Sydney Trains,,Sydney Trains,1988 - 1994,"1,435mm Standard"
T23,D6177-N5177-N5178-D6178,In service,Sydney Trains,Ex T85,Sydney Trains,1988 - 1994,"1,435mm Standard"
T24,D6147-N5147-N5148-D6289,In service,Sydney Trains,D6289 replacing D6148 for unknown reasons.,Sydney Trains,1988 - 1994,"1,435mm Standard"
T25,D6149-N5149-N5150-D6150,In service,Sydney Trains,,Sydney Trains,1988 - 1994,"1,435mm Standard"
T26,D6151-N5151-D5162-D6152,In service,Sydney Trains,,Sydney Trains,1988 - 1994,"1,435mm Standard"
T27,D6125-N5125-N5126-D6126,In service,Sydney Trains,,Sydney Trains,1988 - 1994,"1,435mm Standard"
T28,D6155-N5155-N5156-D6156,In service,Sydney Trains,,Sydney Trains,1988 - 1994,"1,435mm Standard"
T29,D6157-N5157-N5158-D6158,In service,Sydney Trains,,Sydney Trains,1988 - 1994,"1,435mm Standard"
T30,D6159-N5159-N5160-D6160,In service,Sydney Trains,,Sydney Trains,1988 - 1994,"1,435mm Standard"
T31,D6161-N5161-N5162-D6162,In service,Sydney Trains,,Sydney Trains,1988 - 1994,"1,435mm Standard"
T32,D6167-N5167-N5168-D6168,In service,Sydney Trains,,Sydney Trains,1988 - 1994,"1,435mm Standard"
T33,D6165-N5165-N5166-D6166,In service,Sydney Trains,,Sydney Trains,1988 - 1994,"1,435mm Standard"
T34,D6169-N5169-N5170-D6170,In service,Sydney Trains,,Sydney Trains,1988 - 1994,"1,435mm Standard"
T35,D6179-N5179-N5180-D6180,In service,Sydney Trains,,Sydney Trains,1988 - 1994,"1,435mm Standard"
T36,D6181-N5181-N5182-D6182,In service,Sydney Trains,,Sydney Trains,1988 - 1994,"1,435mm Standard"
T37,D6183-N5183-N5184-D6184,In service,Sydney Trains,,Sydney Trains,1988 - 1994,"1,435mm Standard"
T38,D6185-N5185-N5186-D6186,In service,Sydney Trains,,Sydney Trains,1988 - 1994,"1,435mm Standard"
T39,D6187-N5187-N5188-D6188,In service,Sydney Trains,,Sydney Trains,1988 - 1994,"1,435mm Standard"
T40,D6129-N5129-N5130-D6130,Inactive,Sydney Trains,Inactive for some unknown reason.,Sydney Trains,1988 - 1994,"1,435mm Standard"
T41,D6189-N5189-N5190-D6190,In service,Sydney Trains,,Sydney Trains,1988 - 1994,"1,435mm Standard"
T42,D6211-N5211-N5212-D6249,In service,Sydney Trains,"Set involved in 2021 Kembla Grange derailment. D6212 scrapped, D6249 replacing.",Sydney Trains,1988 - 1994,"1,435mm Standard"
T43,D6193-N5193-N5194-D6194,In service,Sydney Trains,,Sydney Trains,1988 - 1994,"1,435mm Standard"
T44,D6195-N5195-N5196-D6196,In service,Sydney Trains,,Sydney Trains,1988 - 1994,"1,435mm Standard"
T45,D6197-N5197-N5198-D6198,In service,Sydney Trains,,Sydney Trains,1988 - 1994,"1,435mm Standard"
T46,D6213-N5213-N5214-D6214,In service,Sydney Trains,,Sydney Trains,1988 - 1994,"1,435mm Standard"
T47,D6201-N5201-N5202-D6202,In service,Sydney Trains,,Sydney Trains,1988 - 1994,"1,435mm Standard"
T48,D6203-N5203-N5204-D6204,In service,Sydney Trains,,Sydney Trains,1988 - 1994,"1,435mm Standard"
T49,D6215-N5215-N5216-D6216,In service,Sydney Trains,,Sydney Trains,1988 - 1994,"1,435mm Standard"
T50,D6223-N5223-N5224-D6224,In service,Sydney Trains,,Sydney Trains,1988 - 1994,"1,435mm Standard"
T51,D6225-N5225-N5226-D6226,In service,Sydney Trains,,Sydney Trains,1988 - 1994,"1,435mm Standard"
T52,D6110-N5110-N5111-D6111,In service,Sydney Trains,Ex T66,Sydney Trains,1988 - 1994,"1,435mm Standard"
T53,D6173-N5173-N5174-D6174,In service,Sydney Trains,Ex T84. Ran with T74 for the last service on the Epping-Chatswood Rail Link (ECRL) before conversion to Metro.,Sydney Trains,1988 - 1994,"1,435mm Standard"
T54,D6205-N5205-N5206-D6206,In service,Sydney Trains,Ex T87,Sydney Trains,1988 - 1994,"1,435mm Standard"
T57,D6237-N5237-N5238-D6238,In service,Sydney Trains,,Sydney Trains,1988 - 1994,"1,435mm Standard"
T58,D6281-N5281-N5282-D6282,In service,Sydney Trains,,Sydney Trains,1988 - 1994,"1,435mm Standard"
T59,D6283-N5283-N5284-D6284,In service,Sydney Trains,Last suburban T set built,Sydney Trains,1988 - 1994,"1,435mm Standard"
T60,D6225-N5225-N5226-D6226,In service,Sydney Trains,,Sydney Trains,1988 - 1994,"1,435mm Standard"
T61,D6227-N5227-N5228-D6258,In service,Sydney Trains,,Sydney Trains,1988 - 1994,"1,435mm Standard"
T62,D6229-N5229-N5230-D6230,In service,Sydney Trains,,Sydney Trains,1988 - 1994,"1,435mm Standard"
T63,D6231-N5231-N5232-D6232,In service,Sydney Trains,,Sydney Trains,1988 - 1994,"1,435mm Standard"
T64,D6233-N5233-N5234-D6234,In service,Sydney Trains,,Sydney Trains,1988 - 1994,"1,435mm Standard"
T65,D6245-N5245-D5246-D6246,In service,Sydney Trains,Has Waratah inspired gangways,Sydney Trains,1988 - 1994,"1,435mm Standard"
T67,D6279-N5279-N5280-D6280,In service,Sydney Trains,,Sydney Trains,1988 - 1994,"1,435mm Standard"
T68,D6277-N5277-N5278-D6278,In service,Sydney Trains,,Sydney Trains,1988 - 1994,"1,435mm Standard"
T69,D6275-N5275-N5276-D6276,In service,Sydney Trains,,Sydney Trains,1988 - 1994,"1,435mm Standard"
T70,D6103-N5103-N5204-D6104,In service,Sydney Trains,Second T set built,Sydney Trains,1988 - 1994,"1,435mm Standard"
T71,D6107-N5107-N5108-D6288,In service,Sydney Trains,D6288 is replacing D6108 for unknown reasons.,Sydney Trains,1988 - 1994,"1,435mm Standard"
T72,D6209-N5209-N5210-D6210,Inactive,Sydney Trains,Second T set to receive Tangara Technology Upgrade,Sydney Trains,1988 - 1994,"1,435mm Standard"
T73,D6113-N5113-N5114-D6287,In service,Sydney Trains,"D6287 is replacing D6114, which was written off in the 1998 Concord West derailment.",Sydney Trains,1988 - 1994,"1,435mm Standard"
T74,D6115-N5115-N5116-D6116,In service,Sydney Trains,,Sydney Trains,1988 - 1994,"1,435mm Standard"
T75,D6117-N5117-N5135-D6135,In service,Sydney Trains,Previously used as a spare set.,Sydney Trains,1988 - 1994,"1,435mm Standard"
T76,D6123-N5123-N5124-D6124,Inactive,Sydney Trains,Inactive for some unknown reason. First T set to receive 2010 interior refurbishment.,Sydney Trains,1988 - 1994,"1,435mm Standard"
T77,D6131-N5131-N5132-D6132,In service,Sydney Trains,,Sydney Trains,1988 - 1994,"1,435mm Standard"
T78,D6133-N5133-N5134-D6134,In service,Sydney Trains,,Sydney Trains,1988 - 1994,"1,435mm Standard"
T79,D6138-N5138-N5139-D6139,In service,Sydney Trains,,Sydney Trains,1988 - 1994,"1,435mm Standard"
T80,D6143-N5143-N5144-D6144,In service,Sydney Trains,,Sydney Trains,1988 - 1994,"1,435mm Standard"
T81,D6153-N5153-N5154-D6154,In service,Sydney Trains,,Sydney Trains,1988 - 1994,"1,435mm Standard"
T83,D6171-N5171-N572-D6172,In service,Sydney Trains,,Sydney Trains,1988 - 1994,"1,435mm Standard"
T86,D6199-N5199-N5200-D6200,In service,Sydney Trains,,Sydney Trains,1988 - 1994,"1,435mm Standard"
T88,D6207-N5207-N5208-D6208,In service,Sydney Trains,,Sydney Trains,1988 - 1994,"1,435mm Standard"
T89,D6128-N5128-N5145-D6145,In service,Sydney Trains,,Sydney Trains,1988 - 1994,"1,435mm Standard"
T90,D6255-N5255-N5256-D6256,In service,Sydney Trains,,Sydney Trains,1988 - 1994,"1,435mm Standard"
T91,D6257-N5257-N5258-D6258,In service,Sydney Trains,,Sydney Trains,1988 - 1994,"1,435mm Standard"
T92,D6259-N5259-N5260-D6260,In service,Sydney Trains,,Sydney Trains,1988 - 1994,"1,435mm Standard"
T93,D6261-N5261-N5262-D6262,In service,Sydney Trains,,Sydney Trains,1988 - 1994,"1,435mm Standard"
T94,D6263-N5263-N5264-D6264,In service,Sydney Trains,,Sydney Trains,1988 - 1994,"1,435mm Standard"
T95,D6265-N5265-N5266-D6266,In service,Sydney Trains,,Sydney Trains,1988 - 1994,"1,435mm Standard"
T96,D6267-N5267-N5268-D6268,In service,Sydney Trains,First T set to receive M set style doors,Sydney Trains,1988 - 1994,"1,435mm Standard"
T97,D6269-N5269-N5270-D6270,In service,Sydney Trains,,Sydney Trains,1988 - 1994,"1,435mm Standard"
T98,D6271-N5271-N5272-D6272,In service,Sydney Trains,,Sydney Trains,1988 - 1994,"1,435mm Standard"
T99,D6273-N5273-N5274-D6286,In service,Sydney Trains,"D6286 replaced D6274, which was written off after the Vineyard Level Crossing derailment.",Sydney Trains,1988 - 1994,"1,435mm Standard"
T100,D6839-N5820-N5870-D6840,In service,Sydney Trains,Ex T132/G32. Last G set built. ,Sydney Trains,1994 - 1996,"1,435mm Standard"
T101,D6815-N5808-N5858-D6816,In service,Sydney Trains,Ex G1,Sydney Trains,1994 - 1996,"1,435mm Standard"
T102,D6801-N5801-N5856-D6812,In service,Sydney Trains,Ex G10,Sydney Trains,1994 - 1996,"1,435mm Standard"
T103,D6841-N5812-N5862-D6824,In service,Sydney Trains,"Ex G3, car D6823 replaced by D6841 (from T121).",Sydney Trains,1994 - 1996,"1,435mm Standard"
T104,D6825-N5813-N5863-D6826,In service,Sydney Trains,"Ex G4. First G set to be converted to T set, after Unanderra derailment.",Sydney Trains,1994 - 1996,"1,435mm Standard"
T105,D6827-N5814-N5864-D6828,In service,Sydney Trains,Ex G5,Sydney Trains,1994 - 1996,"1,435mm Standard"
T106,D6829-N5815-N5865-D6830,Inactive,Sydney Trains,Ex G6. First set to receive Tangara Technology Upgrade. ,Sydney Trains,1994 - 1996,"1,435mm Standard"
T107,D6803-N5802-N5852-D6804,In service,Sydney Trains,Ex T111/G11 ,Sydney Trains,1994 - 1996,"1,435mm Standard"
T108,D6837-N5819-N5869-D6838,In service,Sydney Trains,Ex G8,Sydney Trains,1994 - 1996,"1,435mm Standard"
T109,D6802-N5851-N5806-D6811,In service,Sydney Trains,Ex G9,Sydney Trains,1994 - 1996,"1,435mm Standard"
T110,D6817-N5809-N5859-D6818,In service,Sydney Trains,Ex T133/G33,Sydney Trains,1994 - 1996,"1,435mm Standard"
T121,D6807-N5804-N5252-D6148,In service,Sydney Trains,"Ex G21. First to receive 2010 interior refurbishment. D6807 replaced D6841 as of 09/18, D6854 and D6808 swapped with N5252 and D6252 from T14.",Sydney Trains,1994 - 1996,"1,435mm Standard"
T122,D6809-N5805-N5855-D6810,In service,Sydney Trains,Ex G22,Sydney Trains,1994 - 1996,"1,435mm Standard"
T125,D6805-N5803-N5853-D6806,In service,Sydney Trains,Ex G25,Sydney Trains,1994 - 1996,"1,435mm Standard"
T126,D6813-N5807-N5857-D6814,In service,Sydney Trains,Ex G26,Sydney Trains,1994 - 1996,"1,435mm Standard"
T127,D6819-N5810-N5860-D6820,In service,Sydney Trains,Ex G27,Sydney Trains,1994 - 1996,"1,435mm Standard"
T128,D6821-N5811-N5861-D6822,Inactive,Sydney Trains,Ex G28. Inactive due to TTU upgrades.,Sydney Trains,1994 - 1996,"1,435mm Standard"
T129,D6823-N5812-N5862-D6824,In service,Sydney Trains,Ex G29. Used for ATP testing in mid 2023.,Sydney Trains,1994 - 1996,"1,435mm Standard"
T130,D6825-N5813-N5863-D6826,In service,Sydney Trains,Ex G30. Occasionally used for ATP testing.,Sydney Trains,1994 - 1996,"1,435mm Standard"
,,,,,,,
Interurban V set fleet,,,,,,,
Set number:,Formation:,Status:,Livery:,Fact/Note:,Operator:,Entered service:,Gauge:
V1,DIM8065-DIT9159-DIT9164-DIM8083,In service,NSW TrainLink,First V set to receive NSW TrainLink colours in 2016 (?),Sydney Trains,1970 - 1989,"1,435mm Standard"
V2,DIM8072-DCT9042-DIT9106-DIM8054,In service,NSW TrainLink,DET9216 swapped for DCT9042 from V25 in September 2020.,Sydney Trains,1970 - 1989,"1,435mm Standard"
V3,DIM8057-DIT9124-DIT9167-DIM8084,In service,NSW TrainLink,,Sydney Trains,1970 - 1989,"1,435mm Standard"
V4,DIM8086-DIT9170-DIT9138-DIM8089,In service,NSW TrainLink,,Sydney Trains,1970 - 1989,"1,435mm Standard"
V5,DIM8051-DIT9150-DIT9155-DIM8068,In service,Sydney Trains,First V set to receive Sydney Trains branding in 2024,Sydney Trains,1970 - 1989,"1,435mm Standard"
V6,DIM8085-DIT9126-DIT9165-DIM8080,In service,NSW TrainLink,,Sydney Trains,1970 - 1989,"1,435mm Standard"
V7,DIM8087-DIT9161-DIT9160-DIM8082,In service,NSW TrainLink,,Sydney Trains,1970 - 1989,"1,435mm Standard"
V8,DIM8092-DIT9128-DIT9132-D??????,In service,NSW TrainLink,DIM8090 scrapped.,Sydney Trains,1970 - 1989,"1,435mm Standard"
V9,DIM8069-DIT9158-DIT9121-DIM8076,In service,NSW TrainLink,,Sydney Trains,1970 - 1989,"1,435mm Standard"
V10,DIM8044-DIT9119-DIT9137-DIM8073,In service,NSW TrainLink,,Sydney Trains,1970 - 1989,"1,435mm Standard"
V11,DIM8091-DIT9110-DIT9108-DIM8063,Stored,NSW TrainLink,,Sydney Trains,1970 - 1989,"1,435mm Standard"
V12,DIM8053-DIT9111-DIT9102-DIM8071,Scrapped,NSW TrainLink,,Sydney Trains,1970 - 1989,"1,435mm Standard"
V13,DIM8046-DIT9120-DIT9171-DIM8043,In service,NSW TrainLink,,Sydney Trains,1970 - 1989,"1,435mm Standard"
V14,DIM8079-DIT9169-DIT9136-DIM8062,In service,NSW TrainLink,,Sydney Trains,1970 - 1989,"1,435mm Standard"
V15,DIM8049-DIT9166-DIT9112-DIM8061,In service,NSW TrainLink,,Sydney Trains,1970 - 1989,"1,435mm Standard"
V16,DIM8078-DIT9104-DIT9182-DIM8055,Stored,NSW TrainLink,,Sydney Trains,1970 - 1989,"1,435mm Standard"
V17,DIM8066-DIT9178-DIT9114-DIM8088,Stored,NSW TrainLink,,Sydney Trains,1970 - 1989,"1,435mm Standard"
V18,DIM8056-DCT9044-DIT9143-DIM8064,In service,Unbranded Sydney Trains,Received NSW TrainLink colours but without branding or logos in 2024,Sydney Trains,1970 - 1989,"1,435mm Standard"
V19,D??????-DIT9175-DIT9107-DIM8074,Withdrawn,NSW TrainLink,DIM8047 scrapped.,Sydney Trains,1970 - 1989,"1,435mm Standard"
V20,DIM8045-DTD9035-DTD9033-DIM8059,Scrapped,NSW TrainLink,,Sydney Trains,1970 - 1989,"1,435mm Standard"
V21,DTM8036-DTD9036-DCT9032-DCM8032,In service,NSW TrainLink,Oldest running V set. Was also involved in the Glenbrook train disaster in 1999.,Sydney Trains,1970 - 1989,"1,435mm Standard"
V22,DIM8058-D??????-D??????-DIM8042,In service,NSW TrainLink,DCT9043 & DCT9038 scrapped.,Sydney Trains,1970 - 1989,"1,435mm Standard"
V23,DIM8052-DIT9152-DIT9162-DIM8075,Scrapped,NSW TrainLink,,Sydney Trains,1970 - 1989,"1,435mm Standard"
V24,DIM8070-DIT9118-DIT9142-DIM8050,In service,NSW TrainLink,,Sydney Trains,1970 - 1989,"1,435mm Standard"
V25,DIM8041-DET9216-DCT9039-DIM8039,In service,NSW TrainLink,"Home to DET9216, formerly DCT9034. DET9216 is the Contura car. ",Sydney Trains,1970 - 1989,"1,435mm Standard"
V26,DIM8081-DIT9105-DCT9037-DIM8077,In service,NSW TrainLink,,Sydney Trains,1970 - 1989,"1,435mm Standard"
V27,DIM8038-DCT9031-DCT9040-DIM8040,In service,NSW TrainLink,,Sydney Trains,1970 - 1989,"1,435mm Standard"
V28,DJM8114-DIT9129-DIT9183-DJM8111,In service,NSW TrainLink,,Sydney Trains,1970 - 1989,"1,435mm Standard"
V29,DKM8145-DKT9191-DIT9184-DJM8125,In service,NSW TrainLink,,Sydney Trains,1970 - 1989,"1,435mm Standard"
V30,DJM8099-DIT9163-DIT9149-DJM8096,Stored,NSW TrainLink,,Sydney Trains,1970 - 1989,"1,435mm Standard"
V31,DJM8137-DIT9153-DIT9130-DJM8138,In service,NSW TrainLink,,Sydney Trains,1970 - 1989,"1,435mm Standard"
V32,DJM8103-DIT9151-DIT9156-DJM8104,In service,NSW TrainLink,,Sydney Trains,1970 - 1989,"1,435mm Standard"
V33,DJM8109-DIT9177-DIT9144-DJM8110,In service,NSW TrainLink,,Sydney Trains,1970 - 1989,"1,435mm Standard"
V34,DJM8135-DIT9101-DIT9117-DJM8095,In service,NSW TrainLink,,Sydney Trains,1970 - 1989,"1,435mm Standard"
V35,DJM8136-DIT9168-DIT9134-DJM8102,In service,NSW TrainLink,,Sydney Trains,1970 - 1989,"1,435mm Standard"
V36,DJM8097-DIT9125-DIT9154-DJM8098,Scrapped,NSW TrainLink,,Sydney Trains,1970 - 1989,"1,435mm Standard"
V37,DJM8106-DIT9141-DIT9141-DJM8101,In service,NSW TrainLink,,Sydney Trains,1970 - 1989,"1,435mm Standard"
V38,DJM8120-DIT9103-DIT9186-DKM8140,In service,NSW TrainLink,,Sydney Trains,1970 - 1989,"1,435mm Standard"
V39,DJM8130-DIT9133-DIT9146-DJM8126,In service,NSW TrainLink,,Sydney Trains,1970 - 1989,"1,435mm Standard"
V40,DKM8141-DKT9187-DKT9190-DKM8144,Scrapped,NSW TrainLink,,Sydney Trains,1970 - 1989,"1,435mm Standard"
V41,DJM8116-DIT9157-DIT9116-DJM8108,In service,NSW TrainLink,,Sydney Trains,1970 - 1989,"1,435mm Standard"
V42,DJM8094-DIT9123-DIT9139-DJM8105,In service,NSW TrainLink,,Sydney Trains,1970 - 1989,"1,435mm Standard"
V43,DJM8112-DIT9140-DIT9176-DJM8122,Stored,NSW TrainLink,,Sydney Trains,1970 - 1989,"1,435mm Standard"
V44,DKM8142-DKT9188-DIT9148-DJM8115,In service,NSW TrainLink,Last V set to receive NSW TrainLink livery,Sydney Trains,1970 - 1989,"1,435mm Standard"
V45,DKM8143-DKT9189-DIT9109-DJM8124,In service,NSW TrainLink,,Sydney Trains,1970 - 1989,"1,435mm Standard"
V46,DJM8132-DIT9172-DKT9185-DKM8139,In service,NSW TrainLink,,Sydney Trains,1970 - 1989,"1,435mm Standard"
V47,DJM8131-DIT9122-DIT9179-DJM8100,In service,NSW TrainLink,,Sydney Trains,1970 - 1989,"1,435mm Standard"
V48,DJM8113-DIT9147-DIT9115-DJM8129,Scrapped,NSW TrainLink,"Hit a car in April 2024, has since been withdrawn.",Sydney Trains,1970 - 1989,"1,435mm Standard"
V49,DJM8118-DIT9135-DIT9145-DJM8093,In service,NSW TrainLink,,Sydney Trains,1970 - 1989,"1,435mm Standard"
V50,DJM8119-DIT9113-DIT9174-DJM8117,In service,NSW TrainLink,,Sydney Trains,1970 - 1989,"1,435mm Standard"
V51,DJM8133-DIT9180-DIT9173-DJM8123,In service,NSW TrainLink,,Sydney Trains,1970 - 1989,"1,435mm Standard"
,,,,,,,
XPT fleet,,,,,,,
Set number:,Formation:,Status:,Livery:,Fact/Note:,Operator:,Entered service:,Gauge:
XP2000,XP-XAM-XL-XBR-XF-XFH-XP,In service,Ex CountryLink,Sported a special livery for the 2000 Sydney Olympic Games.,NSW TrainLink,1982,"1,435mm Standard"
XP2001,XP-XAM-XL-XBR-XF-XFH-XP,In service,Ex CountryLink,,NSW TrainLink,1982,"1,435mm Standard"
XP2002,XP-XAM-XL-XBR-XF-XFH-XP,In service,Ex CountryLink,,NSW TrainLink,1982,"1,435mm Standard"
XP2003,XP-XAM-XL-XBR-XF-XFH-XP,In service,Ex CountryLink,,NSW TrainLink,1982,"1,435mm Standard"
XP2004,XP-XAM-XL-XBR-XF-XFH-XP,In service,Ex CountryLink,,NSW TrainLink,1982,"1,435mm Standard"
XP2005,XP-XAM-XL-XBR-XF-XFH-XP,In service,Ex CountryLink,,NSW TrainLink,1982,"1,435mm Standard"
XP2006,XP-XAM-XL-XBR-XF-XFH-XP,In service,Ex CountryLink,,NSW TrainLink,1982,"1,435mm Standard"
XP2007,XP-XAM-XL-XBR-XF-XFH-XP,In service,Ex CountryLink,,NSW TrainLink,1982,"1,435mm Standard"
XP2008,XP-XAM-XL-XBR-XF-XFH-XP,In service,Ex CountryLink,,NSW TrainLink,1982,"1,435mm Standard"
XP2009,XP-XAM-XL-XBR-XF-XFH-XP,In service,Ex CountryLink,,NSW TrainLink,1982,"1,435mm Standard"
XP2010,XP-XAM-XL-XBR-XF-XFH-XP,In service,Ex CountryLink,,NSW TrainLink,1982,"1,435mm Standard"
XP2011,XP-XAM-XL-XBR-XF-XFH-XP,In service,Ex CountryLink,,NSW TrainLink,1982,"1,435mm Standard"
XP2012,XP-XAM-XL-XBR-XF-XFH-XP,In service,Ex CountryLink,,NSW TrainLink,1982,"1,435mm Standard"
XP2013,XP-XAM-XL-XBR-XF-XFH-XP,In service,Ex CountryLink,,NSW TrainLink,1982,"1,435mm Standard"
XP2014,XP-XAM-XL-XBR-XF-XFH-XP,In service,Ex CountryLink,,NSW TrainLink,1982,"1,435mm Standard"
XP2015,XP-XAM-XL-XBR-XF-XFH-XP,In service,Ex CountryLink,,NSW TrainLink,1982,"1,435mm Standard"
XP2016,XP-XAM-XL-XBR-XF-XFH-XP,In service,Ex CountryLink,,NSW TrainLink,1982,"1,435mm Standard"
XP2017,XP-XAM-XL-XBR-XF-XFH-XP,In service,Ex CountryLink,,NSW TrainLink,1982,"1,435mm Standard"
XP2019,XP-XAM-XL-XBR-XF-XFH-XP,In service,Ex CountryLink,"Formerly XP2018. Car was heavily damaged in the 2020 Wallan derailment, rebuilt as XP2019.",NSW TrainLink,1982,"1,435mm Standard"
,,,,,,,
Xplorer fleet,,,,,,,
Set number:,Formation:,Status:,Livery:,Fact/Note:,Operator:,Entered service:,Gauge:
P1,EA-EB-EC,In service,Ex CountryLink,,NSW TrainLink,1993 - 1995,"1,435mm Standard"
P2,EA-EB-EC,In service,Ex CountryLink,,NSW TrainLink,1993 - 1995,"1,435mm Standard"
P3,EA-EB-EC,In service,Ex CountryLink,,NSW TrainLink,1993 - 1995,"1,435mm Standard"
P4,EA-EB-EC,In service,Ex CountryLink,,NSW TrainLink,1993 - 1995,"1,435mm Standard"
P5,EA-EB-EC,In service,Ex CountryLink,,NSW TrainLink,1993 - 1995,"1,435mm Standard"
P6,EA-EB-EB-EC,In service,Ex CountryLink,,NSW TrainLink,1993 - 1995,"1,435mm Standard"
P7,EA-EC,In service,Ex CountryLink,,NSW TrainLink,1993 - 1995,"1,435mm Standard"
P8,EA-EC,In service,Ex CountryLink,Formerly N15.,NSW TrainLink,2000's,"1,435mm Standard"
,,,,,,,
Alstom Metropolis,Formation,Status:,Livery:,Fact/Note:,Operator:,Entered service:,Gauge:
AM1,0101-0103-0105-0106-0104-0102,In Service,Sydney Metro,,Sydney Metro,2019,"1,435mm Standard"
AM2,0201-0203-0205-0206-0204-0202,In Service,Sydney Metro,,Sydney Metro,2019,"1,435mm Standard"
AM3,0301-0303-0305-0306-0304-0302,In Service,Sydney Metro,,Sydney Metro,2019,"1,435mm Standard"
AM4,0401-0403-0405-0406-0404-0402,In Service,Sydney Metro,,Sydney Metro,2019,"1,435mm Standard"
AM5,0501-0503-0505-0506-0504-0502,In Service,Sydney Metro,,Sydney Metro,2019,"1,435mm Standard"
AM6,0601-0603-0605-0606-0604-0602,In Service,Sydney Metro,,Sydney Metro,2019,"1,435mm Standard"
AM7,0701-0703-0705-0706-0704-0702,In Service,Sydney Metro,,Sydney Metro,2019,"1,435mm Standard"
AM8,0801-0803-0805-0806-0804-0802,In Service,Sydney Metro,,Sydney Metro,2019,"1,435mm Standard"
AM9,0901-0903-0905-0906-0904-0902,In Service,Sydney Metro,,Sydney Metro,2019,"1,435mm Standard"
AM10,1001-1003-1005-1006-1004-1002,In Service,Sydney Metro,,Sydney Metro,2019,"1,435mm Standard"
AM11,1101-1103-1105-1106-1104-1102,In Service,Sydney Metro,,Sydney Metro,2019,"1,435mm Standard"
AM12,1201-1203-1205-1206-1204-1202,In Service,Sydney Metro,,Sydney Metro,2019,"1,435mm Standard"
AM13,1301-1303-1305-1306-1304-1302,In Service,Sydney Metro,,Sydney Metro,2019,"1,435mm Standard"
AM14,1401-1403-1405-1406-1404-1402,In Service,Sydney Metro,,Sydney Metro,2019,"1,435mm Standard"
AM15,1501-1503-1505-1506-1504-1502,In Service,Sydney Metro,,Sydney Metro,2019,"1,435mm Standard"
AM16,1601-1603-1605-1606-1604-1602,In Service,Sydney Metro,,Sydney Metro,2019,"1,435mm Standard"
AM17,1701-1703-1705-1706-1704-1702,In Service,Sydney Metro,,Sydney Metro,2019,"1,435mm Standard"
AM18,1801-1803-1805-1806-1804-1802,In Service,Sydney Metro,,Sydney Metro,2019,"1,435mm Standard"
AM19,1901-1903-1905-1906-1904-1902,In Service,Sydney Metro,,Sydney Metro,2019,"1,435mm Standard"
AM20,2001-2003-2005-2006-2004-2002,In Service,Sydney Metro,,Sydney Metro,2019,"1,435mm Standard"
AM21,2101-2103-2105-2106-2104-2102,In Service,Sydney Metro,,Sydney Metro,2019,"1,435mm Standard"
AM22,2201-2203-2205-2206-2204-2202,In Service,Sydney Metro,,Sydney Metro,2019,"1,435mm Standard"
AM23,2301-2303-2305-2306-2304-2302,In Service,Sydney Metro,,Sydney Metro,2024,"1,435mm Standard"
AM24,2401-2403-2405-2406-2404-2402,In Service,Sydney Metro,,Sydney Metro,2024,"1,435mm Standard"
AM25,2501-2503-2505-2506-2504-2502,In Service,Sydney Metro,Departed from Chatswood on April 2nd 2025 with a door open. Arrived at Crows Nest and was subsequently taken out of service.,Sydney Metro,2024,"1,435mm Standard"
AM26,2601-2603-2605-2606-2604-2602,In Service,Sydney Metro,,Sydney Metro,2024,"1,435mm Standard"
AM27,2701-2703-2705-2706-2704-2702,In Service,Sydney Metro,,Sydney Metro,2024,"1,435mm Standard"
AM28,2801-2803-2805-2806-2804-2802,In Service,Sydney Metro,,Sydney Metro,2024,"1,435mm Standard"
AM29,2901-2903-2905-2906-2904-2902,In Service,Sydney Metro,,Sydney Metro,2024,"1,435mm Standard"
AM30,3001-3003-3005-3006-3004-3002,In Service,Sydney Metro,,Sydney Metro,2024,"1,435mm Standard"
AM31,3101-3103-3105-3106-3104-3102,In Service,Sydney Metro,,Sydney Metro,2024,"1,435mm Standard"
AM32,3201-3203-3205-3206-3204-3202,In Service,Sydney Metro,,Sydney Metro,2024,"1,435mm Standard"
AM33,3301-3303-3305-3306-3304-3302,In Service,Sydney Metro,,Sydney Metro,2024,"1,435mm Standard"
AM34,3401-3403-3405-3406-3404-3402,In Service,Sydney Metro,,Sydney Metro,2024,"1,435mm Standard"
AM35,3501-3503-3505-3506-3504-3502,In Service,Sydney Metro,,Sydney Metro,2024,"1,435mm Standard"
AM36,3601-3603-3605-3606-3604-3602,In Service,Sydney Metro,,Sydney Metro,2024,"1,435mm Standard"
AM37,3701-3703-3705-3706-3704-3702,In Service,Sydney Metro,,Sydney Metro,2024,"1,435mm Standard"
AM38,3801-3803-3805-3806-3804-3802,In Service,Sydney Metro,,Sydney Metro,2024,"1,435mm Standard"
AM39,3901-3903-3905-3906-3904-3902,In Service,Sydney Metro,,Sydney Metro,2024,"1,435mm Standard"
AM40,4001-4003-4005-4006-4004-4002,In Service,Sydney Metro,,Sydney Metro,2024,"1,435mm Standard"
AM41,4101-4103-4105-4106-4104-4102,In Service,Sydney Metro,,Sydney Metro,2024,"1,435mm Standard"
AM42,4201-4203-4205-4206-4204-4202,In Service,Sydney Metro,,Sydney Metro,2024,"1,435mm Standard"
AM43,4301-4303-4305-4306-4304-4302,In Service,Sydney Metro,,Sydney Metro,2024,"1,435mm Standard"
AM44,4401-4403-4405-4406-4404-4402,In Service,Sydney Metro,,Sydney Metro,2024,"1,435mm Standard"
AM45,4501-4503-4505-4506-4504-4502,In Service,Sydney Metro,,Sydney Metro,2024,"1,435mm Standard"
,,,,,,,
48 class locomotive,Formation:,Status:,Livery:,Fact/note:,Operator:,Entered service:,Gauge:
4819,Light locomotive,In service,Rail Infrastructure Corp,,Sydney Trains,Unknown,"1,435mm Standard"
4827,Light locomotive,In service,Rail Infrastructure Corp,,Sydney Trains,Unknown,"1,435mm Standard"
,,,,,,,
,All information correct as at 16:13 31/07/2025.,,,,,,
,All information gathered from NSW Trains Wiki.,,,,,,
,https://nswtrains.fandom.com/wiki/NSW_Railways_Wiki,,,,,,
,NOTE: V set info correct as of 04/07/2025.,,,,,,