url,station,difficulty,credit
https://railway-photos.Xm9G.net/photos/1104.webp,Wendouree,Hard,Xm9G
https://railway-photos.Xm9G.net/photos/444M.webp,Toorak,Medium,Xm9G
https://media.discordapp.net/attachments/1013753199963942913/1235174515869351998/20231218_111120.jpg?ex=66336969&is=663217e9&hm=06105a85e4f334ac96b884202aa08ca0752dfada16dfd3d13ecc62c74c256e1e&=&format=webp&width=1048&height=786,South Yarra,Easy,Xm9G
https://media.discordapp.net/attachments/1013753199963942913/1235175059925237800/20240128_135910.jpg?ex=663369ea&is=6632186a&hm=2d84aa34bf5173ac541db39efe4a31b7f7d76af00bebb79e75f0c62b0fe92c33&=&format=webp&width=1397&height=786,North Williamstown,Medium,Xm9G
https://media.discordapp.net/attachments/780663859685883967/1235175825658085437/IMG_3217.jpg?ex=66336aa1&is=66321921&hm=62434620438194860b3646f7c27982023253add85063685f972cae0faad4345e&=&format=webp&width=1048&height=786,Willison,Hard,Xm9G
https://media.discordapp.net/attachments/780663859685883967/1235176844613914634/20240211_093044.jpg?ex=66336b94&is=66321a14&hm=9d4dabd4842de447e52e3d7135fc253359f0dfac39ab1684f9ff30f98b853a51&=&format=webp&width=1048&height=786,Ringwood East,Hard,Xm9G
https://media.discordapp.net/attachments/780663859685883967/1235176887823892510/IMG_1129.jpg?ex=66336b9e&is=66321a1e&hm=fce8932c6bf1ed20c6c737adc6d5a5366df1dcd405bf550beccb8d5bca21ac0a&=&format=webp&width=1048&height=786,Ripponlea,Medium,Xm9G
https://media.discordapp.net/attachments/780663859685883967/1235176888696176681/IMG_1713.jpg?ex=66336b9e&is=66321a1e&hm=edd51e9199b63e2746f932bd190c61e10aeef923d71374a50e69237cf01fe758&=&format=webp&width=1048&height=786,Mooroolbark,Hard,Xm9G
https://media.discordapp.net/attachments/780663859685883967/1235176890025771060/IMG_2194.jpg?ex=66336b9f&is=66321a1f&hm=48e9f299fc22a8959eb0480ceeb87ee8cb895bd96ac4baf2d73e6679dde4be1c&=&format=webp&width=1048&height=786,Upfield,Easy,Xm9G
https://media.discordapp.net/attachments/780663859685883967/1235176891053510689/IMG_2204.jpg?ex=66336b9f&is=66321a1f&hm=20185ceb32058b38959fdf70bf31eafdfb6ba92db3a0c8b97c5009b9a4bed493&=&format=webp&width=1048&height=786,Jacana,Easy,Xm9G
https://media.discordapp.net/attachments/780663859685883967/1235178066490163200/20240211_093614.jpg?ex=66336cb7&is=66321b37&hm=8af2a64fd2d71a94074ded3c0fd919838c735221a7631fbd2e4752dd758017bf&=&format=webp&width=1048&height=786,Ringwood,Medium,Xm9G
https://media.discordapp.net/attachments/780663859685883967/1235178300700229674/20240211_111238.jpg?ex=66336cef&is=66321b6f&hm=f622224861b87cefdb34da784971e69cf8953f848c350a029f2985a25d485fa2&=&format=webp&width=1048&height=786,Southern Cross,Very Easy,Xm9G
https://media.discordapp.net/attachments/1227224314483576982/1235179869298757702/20240211_122130.jpg?ex=66336e65&is=66321ce5&hm=b8b16346c3f13ec62fef705f43765e35acde3aa5c71446e6ff1ff4ec5a8fb671&=&format=webp&width=582&height=437,Coolaroo,Medium,Xm9G
https://media.discordapp.net/attachments/1227224314483576982/1235180100601905204/20240211_122917.jpg?ex=66336e9c&is=66321d1c&hm=b2909fdeb6427f8427146b3a7436fe36d649e8111c334e1c865a37b02b99090b&=&format=webp&width=1048&height=786,Jacana,Easy,Xm9G
https://media.discordapp.net/attachments/1227224314483576982/1235180374750138378/20240211_144410.jpg?ex=66336edd&is=66321d5d&hm=dc8585ad6dc4e01f2ed66d5bda472e2ba4c73ccb15c17976d90f1736956ee1b5&=&format=webp&width=1048&height=786,Alamein,Medium,Xm9G
https://media.discordapp.net/attachments/1227224314483576982/1235180630493626418/20240218_094133.jpg?ex=66336f1a&is=66321d9a&hm=bb5007cd57e2b5a00702552cd16aee4fb460aa92c0b655e3958677a4010c3e6c&=&format=webp&width=1048&height=786,South Geelong,Hard,Xm9G
https://media.discordapp.net/attachments/1227224314483576982/1235181160280363039/20240303_142057.jpg?ex=66336f99&is=66321e19&hm=49a648d2518f02262dade24f3966d37dcf3b06395796604651a49418d9569f8e&=&format=webp&width=583&height=437,Geelong,Easy,Xm9G
https://media.discordapp.net/attachments/1227224314483576982/1235181581757579274/20240306_172119.jpg?ex=66336ffd&is=66321e7d&hm=8339c1c9d3552dfa5ec239a654ee31fb5b89da59fc80274af96c8482158c21fe&=&format=webp&width=1048&height=786,Ferntree Gully,Hard,Xm9G
https://media.discordapp.net/attachments/1227224314483576982/1235181987074146344/20240306_173639.jpg?ex=6633705e&is=66321ede&hm=9aa91877d9a72d5a78a9419b4c3d23117014985891b4bae84119bcc048bd07df&=&format=webp&width=583&height=437,Tecoma,Easy,Xm9G
https://media.discordapp.net/attachments/1227224314483576982/1235182335603773510/20240317_131432.jpg?ex=663370b1&is=66321f31&hm=bdc079082259f5f0ea9af830ca4e4387f8a9f6d1ac906447b39e2b9e9088c89c&=&format=webp&width=1048&height=786,Flinders Street,Very Easy,Xm9G
https://media.discordapp.net/attachments/1227224314483576982/1235183040632979477/20240329_130932.jpg?ex=66337159&is=66321fd9&hm=538772fc43d73164e29f45a33e51875224e43605e81f4fac0545cfc971738f2a&=&format=webp&width=1048&height=786,Footscray,Medium,Xm9G
https://media.discordapp.net/attachments/1227224314483576982/1235183841048657962/20240329_132316.jpg?ex=66337218&is=66322098&hm=9167188546a10a7183f8cffbe1e4cf10a498d29d3ddeb069ef5adcd3df1e73fe&=&format=webp&width=1397&height=786,Macaulay,Easy,Xm9G
https://media.discordapp.net/attachments/1227224314483576982/1235187952674668564/20240402_150626.jpg?ex=663375ec&is=6632246c&hm=8cbf37b8a86c1d0787960e4e6fe43fae59785f438fe7b5af25cf95a324b1aba2&=&format=webp&width=583&height=437,Ballarat,Medium,Xm9G
https://media.discordapp.net/attachments/1227224314483576982/1235188647280509009/20240405_094759.jpg?ex=66337692&is=66322512&hm=c53419e7e8bc59900adcb89f7c4cc5e0c03c4b00a6a935121206ce376ff0b7d6&=&format=webp&width=1048&height=786,Laverton,Medium,Xm9G
https://media.discordapp.net/attachments/1227224314483576982/1235190319310700645/20240405_101521_1.jpg?ex=66337820&is=663226a0&hm=84b9b2993c00bc16c599da0f316d57262071e4507a0f2511bf18233d0518b166&=&format=webp&width=328&height=437,North Melbourne,Easy,Xm9G
https://img-l.ink/img/1DxGsqsFpcKs_bn53LYCPsQzpL8samv-t.jpeg,Armadale,Hard,Xm9G
https://media.discordapp.net/attachments/1235348461893976075/1235350836264304743/IMG_5543.png?ex=66355f1f&is=66340d9f&hm=a8f7af65e8fc30417c27222921a4ca1d8fd864cd122cd82b3fd6477b3329797f&=&format=webp&quality=lossless&width=592&height=786,Morradoo,Hard,unknown
https://media.discordapp.net/attachments/1235385086174691400/1235385897722052628/IMG_5559.jpg?ex=6634d706&is=66338586&hm=255584334158ce875235019b047c9808f9d0a11a4052da3617c2db54fc3560aa&=&format=webp&width=1048&height=786,Preston,Easy,Qazzy
https://media.discordapp.net/attachments/1225026918525702205/1235357152105857054/IMG_5633.png?ex=66356500&is=66341380&hm=204d9833b0acf3baaec03dc2e3bb9e390ca1bd8746e9876691e3b451829b9b61&=&format=webp&quality=lossless&width=452&height=785,noble park,Hard,unknown
https://media.discordapp.net/attachments/1225026918525702205/1235357152676151386/IMG_5607.jpg?ex=66356501&is=66341381&hm=dbf0671f4856163d535bab2aca495ac41832ab0ead0491a2e22a285698cf1c1d&=&format=webp&width=590&height=786,bentleigh,Hard,unknown
https://media.discordapp.net/attachments/1225026918525702205/1235357153330466816/IMG_4826.jpg?ex=66356501&is=66341381&hm=63470c702a67b4c887d2d47764ecf5c8a34c90d2eda2fca9d6f96c1bbd708a89&=&format=webp&width=590&height=786,caulfield,Medium,unknown
https://media.discordapp.net/attachments/1225026918525702205/1235357153779384430/IMG_4639.jpg?ex=66356501&is=66341381&hm=d1b747fedca14f1af5ec409e31aff187c20010734ceb2ad66539b4d484860933&=&format=webp&width=590&height=786,east malvern,Hard,unknown
https://media.discordapp.net/attachments/1225026918525702205/1235357154261598340/IMG_4610.jpg?ex=66356501&is=66341381&hm=8e2c35f8e4a6d44927e89c9006abd28a69553f42b793bfabe9fce006bffad52d&=&format=webp&width=590&height=786,east camberwell,Medium,unknown
https://media.discordapp.net/attachments/1225026918525702205/1235357154689421432/IMG_4387.jpg?ex=66356501&is=66341381&hm=e13d92aaa331b86a700d15ac79fefc192c0b293a29395dc0002b2340ad7078aa&=&format=webp&width=590&height=786,ormond,Hard,unknown
https://media.discordapp.net/attachments/1225026918525702205/1235357155259973724/IMG_4257.jpg?ex=66356501&is=66341381&hm=fb115adf4ee04740aa991dd0aa7fa464221f5a0ab6297b1493e9dcab7ab4b534&=&format=webp&width=590&height=786,huntingdale,Hard,unknown
https://media.discordapp.net/attachments/1225026918525702205/1235357155847049337/IMG_4174.jpg?ex=66356501&is=66341381&hm=0aeb8b119c25c05eca1dd72cbb4150eda1713ec93de58aa46ee48d705cd3f8ff&=&format=webp&width=1048&height=786,mernda,Hard,unknown
https://media.discordapp.net/attachments/1225026918525702205/1235357156304355408/IMG_4039.jpg?ex=66356501&is=66341381&hm=c2dba28e9d501a6006b63005d0fef653c170be9a7976312f9272f5b7548bf93b&=&format=webp&width=590&height=786,south kensington,Easy,unknown
https://media.discordapp.net/attachments/1225026918525702205/1235357656764514476/IMG_4458.jpg?ex=66356579&is=663413f9&hm=131a8837fa17d63c7f15818dd28c781724a1e4c5efce0d5f61172f5173870ab2&=&format=webp&width=590&height=786,huntingdale,Hard,unknown
https://media.discordapp.net/attachments/1225026918525702205/1235357657343332453/IMG_4460.jpg?ex=66356579&is=663413f9&hm=9ddade77ea93de415206d3c34c96585b269c3b21c028c467d98fbed982e4ea05&=&format=webp&width=590&height=786,westall,Hard,unknown
https://media.discordapp.net/attachments/1225026918525702205/1235358056213123142/image0.jpg?ex=663565d8&is=66341458&hm=1129dc9d01ca3c683be8876d6d77f1070768b3c316c00816d34f1174a46b2c9a&=&format=webp&width=328&height=437,flemington racecourse,Hard,unknown
https://media.discordapp.net/attachments/787182807843471360/1235746320942108742/20231014_104104.jpg?ex=66357df1&is=66342c71&hm=817c7ede3000cfa9bbb57dc1e59e599057b729f9d76f5531931546cfb82231a7&=&format=webp&width=583&height=437,Lilydale,Hard,unknown
https://media.discordapp.net/attachments/1235832156480213043/1235832862410805299/20240317_124025.jpg?ex=6635ce8b&is=66347d0b&hm=870dc0655c8309e0c5935a01665b657153dd1316acee5400ad3f8334e69fc338&=&format=webp&width=911&height=683,caroline springs,Hard,unknown
https://media.discordapp.net/attachments/1235832156480213043/1235832863048601600/20240316_134102.jpg?ex=6635ce8b&is=66347d0b&hm=392aeecf3afc247c01ee4dba29b4483c066c63dd8786f9d317342b1061d6d5ce&=&format=webp&width=911&height=683,ardeer,Medium,unknown
https://media.discordapp.net/attachments/1235832156480213043/1235832863589662782/20240303_141349.jpg?ex=6635ce8b&is=66347d0b&hm=69aa93b15c7510650d45b80fb60e75d7418ffcfc1281b5289a47d2f6fdb7efe1&=&format=webp&width=911&height=683,eaglemont,Medium,unknown
https://media.discordapp.net/attachments/1235832156480213043/1235832864625659904/20240302_123410.jpg?ex=6635ce8b&is=66347d0b&hm=6f8fd8d9f5329ea2fcb67f245e2f902300536c7c8b403585e22a428377123875&=&format=webp&width=911&height=683,williams landing,Hard,unknown
https://media.discordapp.net/attachments/1235832156480213043/1235832865581957181/20240302_103713.jpg?ex=6635ce8b&is=66347d0b&hm=6feee024cb073f7d3705994f9234ae1ff0023665f4defa8ff3594729e4842fa3&=&format=webp&width=911&height=683,middle gorge,Medium,unknown
https://media.discordapp.net/attachments/1235832156480213043/1235834016775798845/20231028_093342.jpg?ex=6635cf9e&is=66347e1e&hm=b6665bf501ddef546ab9af13472238e172636cfe8752b669abfd40086886b9a2&=&format=webp&width=911&height=683,Macaulay,Easy,unknown
https://media.discordapp.net/attachments/1235832156480213043/1235834017362870292/20230819_110800.jpg?ex=6635cf9e&is=66347e1e&hm=dc40f8d8a070af8b04bf1e4bc82e2e0aae0f54bfa813606751485db24faeaa3c&=&format=webp&width=911&height=683,Merri,Medium,unknown
https://media.discordapp.net/attachments/1235832156480213043/1235834018252066936/20230731_160847.jpg?ex=6635cf9e&is=66347e1e&hm=a8846191e7a3ffabe2bf2fe880ada0aea762e614cf4bcca38584b43aa75dabfe&=&format=webp&width=911&height=683,Glen huntly,Medium,unknown
https://media.discordapp.net/attachments/1235832156480213043/1235834018793259088/IMG-20230507-WA0004.jpg?ex=6635cf9e&is=66347e1e&hm=601955fc08c6f7e8121ff5e7d47c1e20ffa4af7adac126e884fa91ae1056fb47&=&format=webp&width=683&height=683,Stony Point,Easy,unknown
https://media.discordapp.net/attachments/1235832156480213043/1235834019199975446/Screenshot_20230506-204040_Gallery.jpg?ex=6635cf9e&is=66347e1e&hm=11f2a063f595c795d84c6c52046587b067bf7a51f215426ed19e22fd3b201b2b&=&format=webp&width=1220&height=683,Diamond Creek,Medium,unknown
https://media.discordapp.net/attachments/1227224314483576982/1235866618173591562/20231106_143004.jpg?ex=6635edfb&is=66349c7b&hm=fc376763f24d21c96625f3064c625ea60b164b89e1d5b74db88937eee43d2a46&=&format=webp&width=911&height=683,Geelong,Easy,unknown
https://media.discordapp.net/attachments/1227224314483576982/1235866824093077514/20231210_084710.jpg?ex=6635ee2c&is=66349cac&hm=3640c71ee8b9423c746bb2cb0ea3623f0081f971d90d5b4534548f671939bb87&=&format=webp&width=911&height=683,Ringwood,Medium,unknown
https://media.discordapp.net/attachments/1227224314483576982/1235867006209757215/20231210_144115.jpg?ex=6635ee57&is=66349cd7&hm=cb554b8a3dec4a21fd336e17aa559a6542f5666c697c6c111223b1a9486f168f&=&format=webp&width=911&height=683,Southern Cross,Medium,unknown
https://media.discordapp.net/attachments/1227224314483576982/1235867490035171359/20231210_150814.jpg?ex=6635eeca&is=66349d4a&hm=c721c24a81c8b00b80a94ef639c1a1a11b4a3461a8bff3a91c6ebb5dcc527ee7&=&format=webp&width=911&height=683,Flagstaff,Easy,unknown
https://media.discordapp.net/attachments/1227224314483576982/1235867642011844628/20231212_115753.jpg?ex=6635eeef&is=66349d6f&hm=8dba4918389f5da435b9ce5996a0d256066bdcfa9a0eabc046080f34e3bed174&=&format=webp&width=911&height=683,South Yarra,Easy,unknown
https://media.discordapp.net/attachments/1227224314483576982/1235867856969924649/20231213_093212.jpg?ex=6635ef22&is=66349da2&hm=786235c64bd6763823c8a0d0695245e6a8d1ee2b410ae843f78f704fdb362de1&=&format=webp&width=467&height=350,Flinders Street,Very Easy,unknown
https://media.discordapp.net/attachments/1227224314483576982/1235868065447673856/20231213_131504.jpg?ex=6635ef54&is=66349dd4&hm=fc71dd263603eb6f25cfc0ec334670f9d0c646c1165c09410d22db64075c553a&=&format=webp&width=467&height=350,Brunswick,Medium,unknown
https://media.discordapp.net/attachments/1227224314483576982/1235868375247224862/20231216_172621.jpg?ex=6635ef9d&is=66349e1d&hm=ae65752822c80795a04b0290ab8448130f9f5f48f8a48886d3476c25b808e934&=&format=webp&width=911&height=683,Tarrawarra,Very Hard,Xm9G
https://media.discordapp.net/attachments/1227224314483576982/1235868550682378240/20231218_114212.jpg?ex=6635efc7&is=66349e47&hm=1ec45273ddf746463e6c13f5330657857f5f53af9cfc058c002f3ee60d025158&=&format=webp&width=911&height=683,Flinders Street,Easy,unknown
https://media.discordapp.net/attachments/1227224314483576982/1235868991680151603/20231218_120422_1.jpg?ex=6635f030&is=66349eb0&hm=121c95f9028e2f803f5692238f0eede3b5b55d28808bbebd4fca023c3b63ec4a&=&format=webp&width=911&height=683,Arden,Very Easy,unknown
https://media.discordapp.net/attachments/1227224314483576982/1235869286208114749/20231218_121526.jpg?ex=6635f077&is=66349ef7&hm=b6861d7e7712cf97517d2de223467b9e143fc30b60d375c7f95f95deb84eaa07&=&format=webp&width=911&height=683,North Melbourne,Easy,unknown
https://media.discordapp.net/attachments/1227224314483576982/1235869536419450901/20231220_120330.jpg?ex=6635f0b2&is=66349f32&hm=066221a32a0531cfe582b5dcd7f34791afbd911ca1db1fecd82b7a9ddf2cc2a3&=&format=webp&width=911&height=683,Frankston,Easy,unknown
https://media.discordapp.net/attachments/1227224314483576982/1235869809749528586/20231220_120938.jpg?ex=6635f0f3&is=66349f73&hm=a5a066c8c8458272526deb52b808ff283aa80e47e10d0ca7b1e55b08c19bb03d&=&format=webp&width=911&height=683,Frankston,Medium,unknown
https://media.discordapp.net/attachments/1227224314483576982/1235869936245538856/20240106_055341_1.jpg?ex=6635f112&is=66349f92&hm=e077e237bb6026ed2b06f82a6e964573be787c0c2205dfac4396309ce4df4ae9&=&format=webp&width=911&height=683,Southern Cross,Very Easy,unknown
https://media.discordapp.net/attachments/1227224314483576982/1235870134405435443/20240114_140752.jpg?ex=6635f141&is=66349fc1&hm=7d4c63bcf2496399d6a4b9d75cb9d79675f31f006e4acd4e354891ed872c9055&=&format=webp&width=911&height=683,Castlemaine,Hard,unknown
https://media.discordapp.net/attachments/1227224314483576982/1235870362017992775/20240114_171531.jpg?ex=6635f177&is=66349ff7&hm=4d1b47cd88e68173b00b79a1280df24f76e880e0e8beb4c285f1fb274c5a9cf5&=&format=webp&width=911&height=683,Malmsbury,Hard,unknown
https://media.discordapp.net/attachments/1227224314483576982/1235870766055030794/20240119_161610.jpg?ex=6635f1d7&is=6634a057&hm=66f3052a27afe22f91520fa915cd92a97d5343af9441f2ebc74aadbe782412f3&=&format=webp&width=467&height=350,parliament,Easy,unknown
https://media.discordapp.net/attachments/1227224314483576982/1235870912482377748/20240122_105919_1.jpg?ex=6635f1fa&is=6634a07a&hm=f93d40d8bed63996e628c8cba890940924acb4c5dfea4e7315a8f637450e0620&=&format=webp&width=911&height=683,Richmond,Easy,unknown
https://media.discordapp.net/attachments/1227224314483576982/1235871119412559872/20240128_173934.jpg?ex=6635f22c&is=6634a0ac&hm=97c29049f6534e2c7327efbc08bf548fd0ff34e9871d8679884afa1b1fe8d7e0&=&format=webp&width=911&height=683,Ringwood East,Medium,unknown
https://media.discordapp.net/attachments/1227224314483576982/1235871497428668446/20240314_162901.jpg?ex=6635f286&is=6634a106&hm=5fd5e70de96f48fa4f6435cd2cb32d3a5dc0431deccdb4ed48a17242d655beb4&=&format=webp&width=512&height=683,Yarra Glen,Very Hard,unknown
https://media.discordapp.net/attachments/1227224314483576982/1235871751750029392/20240317_143337.jpg?ex=6635f2c3&is=6634a143&hm=602149294f3408f99add4cc28aac90ae1f340ef2345000d26ba0a366070e094c&=&format=webp&width=467&height=350,Sunbury,Hard,unknown
https://media.discordapp.net/attachments/1227224314483576982/1235872338806046801/20240405_153800.jpg?ex=6635f34e&is=6634a1ce&hm=e8dafdf81cb04e664ae978e93c9836662a86b311f77c29d249c583f1f8d60215&=&format=webp&width=467&height=350,Malvern,Hard,unknown
https://media.discordapp.net/attachments/1227224314483576982/1235872563855360101/20240409_144354.jpg?ex=6635f384&is=6634a204&hm=763e2bdfe1cd8ac3ac5f7191094d757f34a09a26400556880069202843631b27&=&format=webp&width=911&height=683,pakenham,Easy,unknown
https://media.discordapp.net/attachments/1235832156480213043/1235885444504354846/20240329_131155.jpg?ex=6635ff83&is=6634ae03&hm=ae7ec8d88f17e23971b3059b98275c5b0bde75df3dc426c5a97a63b95ecc14d5&=&format=webp&width=911&height=683,Belgrave,Medium,unknown
https://media.discordapp.net/attachments/1227224314483576982/1235886881854586930/20240317_113233.jpg?ex=663600da&is=6634af5a&hm=79d673bbedc8994c37ec03ed187828e044a338152ca598a01ee079b776c96a01&=&format=webp&width=786&height=590,Ballan,Hard,unknown
https://media.discordapp.net/attachments/1235832156480213043/1235885446433865821/20240203_114824.jpg?ex=6635ff84&is=6634ae04&hm=9a37058e857e13718d19d71f26d66038d56ea181ab093a29001d548525c3d9f9&=&format=webp&width=911&height=683,Leawarra,Hard,unknown
https://media.discordapp.net/attachments/1235832156480213043/1235885447071268964/20240130_131205.jpg?ex=6635ff84&is=6634ae04&hm=8c4718197ac8372d0bd15b7d796e2be1b5b0e46637c9e693bee72f560ef8ac96&=&format=webp&width=911&height=683,Westgarth,Medium,unknown
https://media.discordapp.net/attachments/1235832156480213043/1235885447666991134/20240123_165512.jpg?ex=6635ff84&is=6634ae04&hm=af8ece85de8afaadcc3997cf10d3a47dabbf517d3a0a3c4e3b7be203e17df690&=&format=webp&width=911&height=683,Warrnambool,Hard,unknown
https://media.discordapp.net/attachments/1235832156480213043/1235885448853848096/20240118_123438.jpg?ex=6635ff84&is=6634ae04&hm=7ca1a52a735b521f8b99d8706054263954bd75309172b280f51ec669ca3c8a26&=&format=webp&width=911&height=683,Wattle Glen,Hard,unknown
https://media.discordapp.net/attachments/1227224314483576982/1235888384547749988/20231210_094257.jpg?ex=66360240&is=6634b0c0&hm=84bae8e73e374933332d7e178d95e9ceb0fa39211f9df41f09a66811eaca6d6e&=&format=webp&width=786&height=590,Fawkner,Medium,unknown
https://media.discordapp.net/attachments/1227224314483576982/1235888861968728156/20240122_123714.jpg?ex=663602b2&is=6634b132&hm=5bd551085d4159d15f054438f72d5370875a339e56666adbfdf5390ec567e182&=&format=webp&width=911&height=683,Baxter,Medium,unknown
https://media.discordapp.net/attachments/1235881729697517598/1235885277558476910/1033502.jpg?ex=6635ff5b&is=6634addb&hm=35bf9fefff239a959513743fd2fa45868d9136c0ec70011b95c2b02b2f200be2&=&format=webp&width=911&height=683,Jolimont,Medium,unknown
https://media.discordapp.net/attachments/1235881729697517598/1235885362069639268/1032920.jpg?ex=6635ff6f&is=6634adef&hm=f29760f802a795046be9fd504b369aa7bd282931bd1eb27645771527dfb238b3&=&format=webp&width=911&height=683,Thomastown,Medium,unknown
https://media.discordapp.net/attachments/1235881729697517598/1235885453308330034/1033280.jpg?ex=6635ff85&is=6634ae05&hm=69e98aa9a802bdc88f25986da1ca1380929fcc92d783c892a0248b249a3d8908&=&format=webp&width=911&height=683,Malvern,Medium,unknown
https://media.discordapp.net/attachments/1235881729697517598/1235885547600220190/3283006.jpg?ex=6635ff9c&is=6634ae1c&hm=57447ca34e7eab19f523e510c2161351ac615b08f58f055c6daec5247d3afb06&=&format=webp&width=911&height=683,South Kensington,Hard,unknown
https://media.discordapp.net/attachments/1235881729697517598/1235885601320865792/3290032.jpg?ex=6635ffa8&is=6634ae28&hm=144ea0149388c5e1e83bdbba4ebb771d9f02f66a3d437dddacd55af7b1be63ca&=&format=webp&width=911&height=683,Coburg,Medium,unknown
https://media.discordapp.net/attachments/1227224314483576982/1235889678931066950/3310075.jpg?ex=66360375&is=6634b1f5&hm=2be53372cd8ba52850a963dc2086c8ee641a2111ae2f8db8356dbedd29c91242&=&format=webp&width=786&height=590,Woodend,Hard,unknown
https://media.discordapp.net/attachments/1235881729697517598/1235885697265696790/4043225.jpg?ex=6635ffbf&is=6634ae3f&hm=750dfb6e39981e4a95b721cc8729347f4ed6db557c4dd61b8eafbc2f144fe6c0&=&format=webp&width=911&height=683,Windsor,Medium,unknown
https://media.discordapp.net/attachments/1235881729697517598/1235885734087364678/4043306.jpg?ex=6635ffc8&is=6634ae48&hm=2df89d76a97a48566409de2dd6fb4250f275a4ceea2c3a3f1bdc1be46ecb1828&=&format=webp&width=911&height=683,Sandringham,Medium,unknown
https://media.discordapp.net/attachments/1235881729697517598/1235885769055408149/4043360.jpg?ex=6635ffd0&is=6634ae50&hm=31151092d72ac92433f1c59ce57b0175f3db169b5d11833d56c85ce2a1be89bf&=&format=webp&width=911&height=683,Highett,Medium,unknown
https://media.discordapp.net/attachments/1235881729697517598/1235885873841569822/4053480.jpg?ex=6635ffe9&is=6634ae69&hm=163304beba36e94e8d126caa40ab81219534443ccbed48ecf7661e6d6cbadbeb&=&format=webp&width=911&height=683,Middle Footscray,Medium,unknown
https://media.discordapp.net/attachments/1235881729697517598/1235885950765240390/4083710.jpg?ex=6635fffc&is=6634ae7c&hm=d51a4f4d617de4c2bf49fb0f56f97f74f9bf0c689692c78dc11579c922fdec2e&=&format=webp&width=911&height=683,Toorak,Medium,unknown
https://media.discordapp.net/attachments/1235881729697517598/1235885989126344756/4083813.jpg?ex=66360005&is=6634ae85&hm=cb7dd09c8132d1a6f885ba0bdad30927984d53e1d24632fe6e83db54da00e16a&=&format=webp&width=911&height=683,Mordialloc,Very Easy,unknown
https://media.discordapp.net/attachments/1235881729697517598/1235886055241023519/4094019.jpg?ex=66360015&is=6634ae95&hm=3aebff4cc63aa542670578dff8fa2f246993acfdab607f47d3a4c3d2b3e87bbe&=&format=webp&width=911&height=683,Pascoe Vale,Hard,unknown
https://media.discordapp.net/attachments/1235881729697517598/1235886204839264276/4104257.jpg?ex=66360038&is=6634aeb8&hm=536aa26e7ed4449b39b207d072669f0ad039ea4f5f448c9f66f7c8d6c1a9755d&=&format=webp&width=911&height=683,Ringwood,Hard,unknown
https://media.discordapp.net/attachments/1235881729697517598/1235886240482459709/4104282.jpg?ex=66360041&is=6634aec1&hm=86ef11454fb440f7f6bcc9bbe92fa98c2f4923cb54396cbc174ee78bc241e75a&=&format=webp&width=911&height=683,Auburn,Hard,unknown
https://media.discordapp.net/attachments/1235881729697517598/1235886278646435960/4134657.jpg?ex=6636004a&is=6634aeca&hm=c56186028dd17fb1e06d1ece169e52ff5d4944eba3d7fb6dd8d47aee7fceab6f&=&format=webp&width=911&height=683,Moonee Ponds,Hard,unknown
https://media.discordapp.net/attachments/1235881729697517598/1235886399102914581/4270152.jpg?ex=66360067&is=6634aee7&hm=6f9acb97d20c68103837e4e47fb0ff6e1cc0b1392c69e204e086448e4310f6d2&=&format=webp&width=911&height=683,Regent,Hard,unknown
https://media.discordapp.net/attachments/1235881729697517598/1235886527863848970/4284988.jpg?ex=66360085&is=6634af05&hm=59e22909fdc2a21b29622cc739ce2215c0fb3a326f44f0636ce3495eaab8a17b&=&format=webp&width=911&height=683,Middle Gorge,Hard,unknown
https://media.discordapp.net/attachments/1235881729697517598/1235886561174884383/4285057.jpg?ex=6636008d&is=6634af0d&hm=c07362e57301e18a05bbfa62726e426e448c78b6f9eae31337a3d32ebac51126&=&format=webp&width=911&height=683,Keon Park,Hard,unknown
https://media.discordapp.net/attachments/1235881729697517598/1235886623229739038/Ivanhoe_Tait.jpg?ex=6636009c&is=6634af1c&hm=aa510de05166ffa3d0fb96fb64bcc43d7bf03542834386e4de028440200d65c5&=&format=webp&width=911&height=683,Ivanhoe,Hard,unknown
https://media.discordapp.net/attachments/1235832156480213043/1235891040872038420/20231112_123721.jpg?ex=663604b9&is=6634b339&hm=833d49c71179ab9a9cc543d86a70cdbdb1783f8c49b1a6d99be4e6f31daf8a3b&=&format=webp&width=911&height=683,general motors,Very Hard,Qazzy
https://media.discordapp.net/attachments/1233010898277367808/1235890211993686046/IMG_7402.jpg?ex=663603f4&is=6634b274&hm=ab15f90e5de923574b8b4ecadd6e1ff0a8685ba6c51f5051039c5ee065dbe419&=&format=webp&width=911&height=683,Gisborne,Hard,unknown
https://media.discordapp.net/attachments/1233010898277367808/1235890316335124542/IMG_7336.jpg?ex=6636040d&is=6634b28d&hm=40f63d58a2ec6b35b6bfef8b1a38b5c8a29791f7fa98d2e099dff2fbedf70376&=&format=webp&width=512&height=683,toorak,Medium,unknown
https://media.discordapp.net/attachments/1235890609038954577/1235890764626788444/IMG_8149.jpg?ex=66360478&is=6634b2f8&hm=d5700e118e2edcfbce0861e6301ea279f30a784b60540f23cf5a0145dd6e396c&=&format=webp&width=1214&height=683,craigieburn,Hard,unknown
https://media.discordapp.net/attachments/1235890609038954577/1235902019890446416/IMG_8446.png?ex=66360ef3&is=6634bd73&hm=65744bfe4487a50d81f2bec372eeff8416ba423f4df3b8d039e1ffbf12baede2&=&format=webp&quality=lossless&width=922&height=683,Nhill,Hard,unknown
https://media.discordapp.net/attachments/1235881729697517598/1235886561174884383/4285057.jpg?ex=6636008d&is=6634af0d&hm=c07362e57301e18a05bbfa62726e426e448c78b6f9eae31337a3d32ebac51126&=&format=webp&width=911&height=683,Keon Park,Hard,unknown
https://media.discordapp.net/attachments/1235881729697517598/1235886595320840242/4285125.jpg?ex=66360095&is=6634af15&hm=06f32d4a687e51cc466b9a098c017ff4007a349f0c8ccc599e435a216cfd91a1&=&format=webp&width=911&height=683,Merri,Hard,unknown
https://media.discordapp.net/attachments/1225026918525702205/1235935928329965650/IMG_5319.jpg?ex=66362e87&is=6634dd07&hm=2affe9b001c07a528741b30be28887747c9ab7571105e033d33a907daa76cd57&=&format=webp&width=512&height=683,east malvern,Medium,unknown
https://media.discordapp.net/attachments/1225026918525702205/1235935928900649042/IMG_4693.jpg?ex=66362e88&is=6634dd08&hm=a3f2ff3ee00540012bb945189074ba7094b416cbcec0043cc54c3a731ba92dd3&=&format=webp&width=911&height=683,north melbourne,Medium,unknown
https://media.discordapp.net/attachments/1225026918525702205/1235935929516949596/IMG_4649.jpg?ex=66362e88&is=6634dd08&hm=cb241ab5a3b7d063bba2f19bce64c9dd14d1b450a03ddc17cfabcdf9ea0ad32e&=&format=webp&width=512&height=683,dandenong,Easy,unknown
https://media.discordapp.net/attachments/1225026918525702205/1235935929915412511/IMG_3239.jpg?ex=66362e88&is=6634dd08&hm=3e320c8f1c1a2ad8ee706b35e2eaf7a8993c3d69ef25aadb6660962fb561ad6e&=&format=webp&width=910&height=683,caulfield,Medium,Domino6658
https://media.discordapp.net/attachments/1225026918525702205/1235936280500637736/IMG_3178.jpg?ex=66362edb&is=6634dd5b&hm=913a989d6890e2e89bdd2b3ca3ac459bad4ee85235cc5f0622a1083916dafd93&=&format=webp&width=512&height=683,Glen Huntly,Quite Hard,unknown
https://media.discordapp.net/attachments/1235881729697517598/1235927730143363112/1033574.jpg?ex=663626e5&is=6634d565&hm=e23fa13ceff14654b0b3e666d6f6a341a6c08253f1d263d4aa8039309464c0d5&=&format=webp&width=911&height=683,Kensington,Easy,unknown
https://media.discordapp.net/attachments/1235881729697517598/1235927751639306260/1033604.jpg?ex=663626ea&is=6634d56a&hm=f2ec46ff5452f5eeb255643357851901015ea260db3ce794b768874ab5032c04&=&format=webp&width=911&height=683,Royal Park,Medium,unknown
https://media.discordapp.net/attachments/1235881729697517598/1235927849777758320/3282946.jpg?ex=66362701&is=6634d581&hm=7ddfeb4ffc092b8319540ceeeabeb4bc27dde2b5e19484d9c1a80e22681ee0ad&=&format=webp&width=911&height=683,South Kensington,Easy,unknown
https://media.discordapp.net/attachments/1235881729697517598/1235927995366244352/3310220.jpg?ex=66362724&is=6634d5a4&hm=39720cf59ae89b52811050fc84c356cfbed83080c552e21d79d2e9e456ef0dd7&=&format=webp&width=911&height=683,Bendigo,Medium,unknown
https://media.discordapp.net/attachments/1235881729697517598/1235928063489867786/4043295.jpg?ex=66362734&is=6634d5b4&hm=e597d09fd1a1ced230b439a4b34d3abce252ea8f41fffcdd63305e5fb04fb864&=&format=webp&width=911&height=683,Brighton Beach,Hard,unknown
https://media.discordapp.net/attachments/1235881729697517598/1235928159803936819/4083796.jpg?ex=6636274b&is=6634d5cb&hm=ef6950c210b670099a890142f0bf4cc6294bbf860a38b06daa646b21ae27a4e7&=&format=webp&width=911&height=683,Mordialloc,Medium,unknown
https://media.discordapp.net/attachments/1235881729697517598/1235928225771950141/4104160.jpg?ex=6636275b&is=6634d5db&hm=44a4a239e8f5ad70b4571f5a60778e81fa03af5ee260852b7ca5ba5639b3c58c&=&format=webp&width=911&height=683,East Richmond,Hard,unknown
https://media.discordapp.net/attachments/1235881729697517598/1235928266393784360/4104237.jpg?ex=66362765&is=6634d5e5&hm=7f7bce706515344a289b5fd5e2ac9fedc2497fcc9f6cac30b54152c5cdfa053a&=&format=webp&width=911&height=683,Ringwood,Medium,unknown
https://media.discordapp.net/attachments/1235881729697517598/1235928521143091210/4214780.jpg?ex=663627a1&is=6634d621&hm=416890a699a7b0ee466403c07c29a826fef4063d41c4b105a46a5b4f3aecf26c&=&format=webp&width=911&height=683,Hawksburn,Medium,unknown
https://media.discordapp.net/attachments/1235881729697517598/1235928681281753098/4284967.jpg?ex=663627c8&is=6634d648&hm=763d2b5c882ba2e3bee676211ba3a5ea409661b41346ecccd3303fd788cf25cd&=&format=webp&width=911&height=683,Epping,Hard,unknown
https://media.discordapp.net/attachments/1233010898277367808/1236153501026091058/IMG_7366.JPG?ex=6636f929&is=6635a7a9&hm=33a4f4e2b99a50604f6ff695b70610607e84b17fa3d82303d5b5403da5ae5e9f&=&format=webp&width=911&height=683,Ruthven,Hard,axowaffle
https://media.discordapp.net/attachments/1233010898277367808/1236153739681988699/IMG_7247.JPG?ex=6636f962&is=6635a7e2&hm=4a98c397897a64c1f3b5917b177c32fd229294dcb913b84ed8cd5577b42916ae&=&format=webp&width=512&height=683,Box Hill,Medium,axowaffle
https://media.discordapp.net/attachments/1233010898277367808/1236154196261212270/IMG_7414.jpg?ex=6636f9cf&is=6635a84f&hm=23390da7aa4d0f9a6acece218fb534d0e2e0168c2087201be1963336b246d450&=&format=webp,Lynbrook,Medium,axowaffle
https://media.discordapp.net/attachments/1233010898277367808/1236154253375045642/IMG_7415.jpg?ex=6636f9dc&is=6635a85c&hm=7fd8c84835a40e9c3db1d57b1640e269a55a26aec02de76136460be5b0cead4f&=&format=webp,Noble park,Medium,axowaffle
https://media.discordapp.net/attachments/1233010898277367808/1236154468874194995/P4090026.jpg?ex=6636fa10&is=6635a890&hm=019417f0945790b3aad3c7e67c30db3774f12a608d2483d1017f690c0a45a127&=&format=webp&width=911&height=683,Kensington,Medium,axowaffle
https://media.discordapp.net/attachments/1227224314483576982/1236245907184418926/20240504_110751.jpg?ex=66374f38&is=6635fdb8&hm=fc3748602823f63ce2f6e5bc51ee0f97cd3950af5ee2edcbf2a6b4256bcd172f&=&format=webp&width=467&height=350,burnley,Medium,Qazzy
https://media.discordapp.net/attachments/1227224314483576982/1236246258088284241/20230629_120128.jpg?ex=66374f8c&is=6635fe0c&hm=ddd53c0cf7c2e630ca7a568b6e4dd1d6e863f02d8ea9415e0b191028a03651a7&=&format=webp&width=911&height=683,Heyington,Medium,Qazzy
https://media.discordapp.net/attachments/1216995267983704074/1236246534258167918/20230618_101713.jpg?ex=66374fce&is=6635fe4e&hm=8308ddd79388c7a70b3f86ae19016f6236fe20ef075968fff35468f80768d572&=&format=webp&width=512&height=683,Coburg,Hard,Qazzy
https://media.discordapp.net/attachments/1235385086174691400/1236111734775742535/IMG_5706.png?ex=6636d243&is=663580c3&hm=29a089baa9c7f74b6d949a6032c70c95845a311df67e82dd80fe2992ae811921&=&format=webp&quality=lossless&width=1215&height=683,Essendon,Medium,dinohh
https://media.discordapp.net/attachments/1227224314483576982/1236247318982950993/20230617_103235_1.jpg?ex=66375089&is=6635ff09&hm=02611984b934d5076a3106c2432b96965ff9665d4e6e636e41c29529652877b2&=&format=webp&width=512&height=683,Lilydale,Medium,Xm9G
https://media.discordapp.net/attachments/1227224314483576982/1236247584365088897/20231218_112529.jpg?ex=663750c8&is=6635ff48&hm=2edc77c9994fe47c7af0e3ed93236e4081d4736c6ad0fd3d711247ef6b868e2a&=&format=webp&width=911&height=683,Anzac,Easy,Xm9G
https://media.discordapp.net/attachments/1227224314483576982/1236247720738558032/20231218_112815.jpg?ex=663750e8&is=6635ff68&hm=2bc69d4e91d3bc9ac8d71e2d991879b440fc147712dab45808982d7c74755b75&=&format=webp&width=911&height=683,Anzac,Medium,Xm9G
https://media.discordapp.net/attachments/1227224314483576982/1236247891807572022/20231218_120308_1.jpg?ex=66375111&is=6635ff91&hm=22dddcdfeff49694e473e51d95432e593243c11996f321fc43ea7f3010403a56&=&format=webp&width=911&height=683,Arden,Hard,Xm9G
https://media.discordapp.net/attachments/1227224314483576982/1236248127401496636/20240106_055933.jpg?ex=66375149&is=6635ffc9&hm=84f78e96a7cab79c90e076cc598f3ef566119cea7e67c3335810a04c2f9a3e03&=&format=webp&width=911&height=683,Southern Cross,Medium,Xm9G
https://media.discordapp.net/attachments/1227224314483576982/1236248352375439370/20240111_123253.jpg?ex=6637517f&is=6635ffff&hm=e659e51f5ea863c57b6c6c393fd1a41e8ae0a47382c6ba62723c4d3ab073d85b&=&format=webp&width=911&height=683,Moorabbin,Hard,Xm9G
https://media.discordapp.net/attachments/1227224314483576982/1236248640083988601/20240119_133949.jpg?ex=663751c4&is=66360044&hm=a8da02024c2fe9632f731410a29362fbad919401a1452455f1d71f5a20e91b61&=&format=webp&width=512&height=683,South Kensington,Hard,Xm9G
https://media.discordapp.net/attachments/1227224314483576982/1236248978832625764/20240128_173739.jpg?ex=66375214&is=66360094&hm=f12b8ba48e258a64b187648f2ec46b835a5a71954dd2e23fff00db3e7801c4a2&=&format=webp&width=911&height=683,Ringwood East,Very Hard,Xm9G
https://media.discordapp.net/attachments/1227224314483576982/1236249596603400293/20240128_173909.jpg?ex=663752a8&is=66360128&hm=8d4f551aa007a39fb3062136af035c15f3e1597d082a171fda7190cfdec422b6&=&format=webp&width=911&height=683,Ringwood East,Very Hard,Xm9G
https://media.discordapp.net/attachments/1227224314483576982/1236249727360565339/20240205_160832.jpg?ex=663752c7&is=66360147&hm=b4a9da56819db638d28df41e45a26bcf1ee86e9f35ee5906c432549f7ed910a8&=&format=webp&width=512&height=683,Lilydale,Hard,Xm9G
https://media.discordapp.net/attachments/1227224314483576982/1236249923918364733/20240211_092751.jpg?ex=663752f6&is=66360176&hm=336eef71c87b7e385ba555bb3957a0ec65fcd0a00e7cf2050276226095838f8c&=&format=webp&width=1214&height=683,Croydon,Hard,Xm9G
https://media.discordapp.net/attachments/1227224314483576982/1236250188515901450/20240211_115000.jpg?ex=66375335&is=663601b5&hm=33d262cc8a060543c3b9875b921ac4b70c4df48a068b33b4d0ae354f9b8d0ed8&=&format=webp&width=467&height=350,Upfield,Hard,Xm9G
https://media.discordapp.net/attachments/1227224314483576982/1236250464459292712/20240211_122711.jpg?ex=66375377&is=663601f7&hm=6216c71763fb4a15fd77291d15ea25cf51f271b3e8c3623763553851c93ce07a&=&format=webp&width=911&height=683,Jacana,Medium,Xm9G
https://media.discordapp.net/attachments/1227224314483576982/1236250607459897375/20240211_122840.jpg?ex=66375399&is=66360219&hm=57a7fb06bbb5ae91b692012244af51a87fbc8f9cbd37fb2e3e9269a52aa86a46&=&format=webp&width=911&height=683,Jacana,Medium,Xm9G
https://media.discordapp.net/attachments/1227224314483576982/1236250831712682105/20240211_122938.jpg?ex=663753ce&is=6636024e&hm=8324e816a4529c0ce825765b4e837da7003fb362a8f27058306ad1c34a1fd91e&=&format=webp&width=911&height=683,Jacana,Medium,Xm9G
https://media.discordapp.net/attachments/1227224314483576982/1236250999509876806/20240211_155741.jpg?ex=663753f6&is=66360276&hm=3a30fdadb2c67ff03eccab0bdf30aed089b80d874a6789f912e6e3488be68b34&=&format=webp&width=911&height=683,Parkville,Medium,Xm9G
https://media.discordapp.net/attachments/1227224314483576982/1236251188366803005/20240218_094319.jpg?ex=66375423&is=663602a3&hm=3f3669e7ac6afa2893122a68fd5cc7caee90a17fd394d3347710713988636b41&=&format=webp&width=911&height=683,South Geelong,Hard,Xm9G
https://media.discordapp.net/attachments/1227224314483576982/1236251687967133706/20240329_151243.jpg?ex=6637549a&is=6636031a&hm=7b35844e0a9d379e25056de601bca4dc75507838a159a14f7ad5fa621ed9e5a4&=&format=webp&width=512&height=683,Willison,Very Hard,unknown
https://media.discordapp.net/attachments/1227224314483576982/1236251870926864464/20240404_121607.jpg?ex=663754c6&is=66360346&hm=f87f6f1855eabd0260d9fff9f6e15520428298c904a044774345745a0677c4e2&=&format=webp&width=911&height=683,Wendouree,Hard,Xm9G
https://media.discordapp.net/attachments/1227224314483576982/1236252130667532288/20240405_101507.jpg?ex=66375504&is=66360384&hm=a019e85f00b33e3c52992db0dc5a9d51f2f08bed9c8466c20bbaa9db8523cbd3&=&format=webp&width=911&height=683,North Melbourne,Easy,Xm9G
https://media.discordapp.net/attachments/1227224314483576982/1236252311509270618/20240405_150719.jpg?ex=6637552f&is=663603af&hm=b9f465ef645c4bb98e613861126f1bac4bb8843767c2b766e5ed2ed063311f74&=&format=webp&width=911&height=683,Flinders Street,Medium,Xm9G
https://media.discordapp.net/attachments/1227224314483576982/1236252591810416640/20240420_152512.jpg?ex=66375572&is=663603f2&hm=635bcc1d83e72f83905e075d3bce581eb36677d3e922579dd9e7edef1537eeb7&=&format=webp&width=911&height=683,North Melbourne,Very Easy,Xm9G
https://media.discordapp.net/attachments/1236171501405868033/1236178783921246260/IMG_1855.jpg?ex=663710b5&is=6635bf35&hm=6ed9ca8f362e29dba562c600415b9a8272e5f9747c235909c67abb8dff23ca0b&=&format=webp&width=1214&height=683,Bannockburn,Very Hard,Objecty
https://media.discordapp.net/attachments/1236420495092613230/1236421159554125845/20240504_154851.jpg?ex=6637f270&is=6636a0f0&hm=5f26b957d9827e5439d438065896626cc1860d78a0ff87b100d376183802fd31&=&format=webp&width=1213&height=683,roxburgh park,Medium,newbie
https://media.discordapp.net/attachments/1233010898277367808/1236464526678032434/IMG_7317.JPG?ex=66381ad3&is=6636c953&hm=145c9f17abed59c6e00bac584afecfcc3744be3802d9cf15b9c2375b256e37ba&=&format=webp&width=512&height=683,Caulfield,Medium,axowaffle
https://media.discordapp.net/attachments/1233010898277367808/1236464786338877522/IMG_7261.jpg?ex=66381b11&is=6636c991&hm=1ae9f7b9327b80214b61bb503cbd825755bbc7dbe9759af5b7df94dd33c2fb51&=&format=webp&width=911&height=683,Laburnum,Medium,axowaffle
https://media.discordapp.net/attachments/1233010898277367808/1236465048600449044/IMG_7228.JPG?ex=66381b4f&is=6636c9cf&hm=7e1c3665c615e2d9a5e7bbf5109fa4632afbe6d5a91b37ec69f30847ececd674&=&format=webp&width=512&height=683,Sandown park,Hard,axowaffle
https://media.discordapp.net/attachments/1233010898277367808/1236465993790914682/IMG_6945.JPG?ex=66381c31&is=6636cab1&hm=8e089a500b70968cd7e9d5706479e3c5e6d700755158adf1a2661be10bab7b87&=&format=webp&width=911&height=683,Upwey,Hard,axowaffle
https://media.discordapp.net/attachments/1233010898277367808/1236466214306447430/IMG_6946.JPG?ex=66381c65&is=6636cae5&hm=5bf83b1b033741ea505ee04e84a649d463c22bdf2e70682d167963b400702a51&=&format=webp&width=911&height=683,Bayswater,Medium,axowaffle
https://media.discordapp.net/attachments/1233010898277367808/1236466431806406676/IMG_6927.JPG?ex=66381c99&is=6636cb19&hm=e433d9fa1afeac6ba4a10a0abaaa858624b173691f49cf074d41c16e7ca20574&=&format=webp&width=911&height=683,Carrum,Medium,axowaffle
https://media.discordapp.net/attachments/1233010898277367808/1236466955721117728/IMG_7416.jpg?ex=66381d16&is=6636cb96&hm=d137752e61c11f3d12f9d51752b89b9aa7edf7551673991bc510227adcdd6b22&=&format=webp,North Williamstown,Medium,axowaffle
https://media.discordapp.net/attachments/1233010898277367808/1236467010607517886/IMG_7417.jpg?ex=66381d23&is=6636cba3&hm=4331d985188e2d2a0027a43e15132fef796402e94d0a9d65f10e7b79ffd598be&=&format=webp,Seaford,Hard,axowaffle
https://media.discordapp.net/attachments/1233010898277367808/1236467062457765989/IMG_7418.jpg?ex=66381d30&is=6636cbb0&hm=dbb8bb50334decd651d5f5132b8c02e7ab6eb23a1c8f819d02ed058cedbdcf59&=&format=webp,St albans,Hard,axowaffle
https://media.discordapp.net/attachments/1227224314483576982/1236489816124948564/20240413_145649.jpg?ex=66383261&is=6636e0e1&hm=83c015b06ccfade1e197f1dca255624c3b75f3d2e9c1b0814ac4b94e12a4edff&=&format=webp&width=911&height=683,Camberwell,Hard,Xm9G
https://media.discordapp.net/attachments/1227224314483576982/1236490171944407192/20240408_113736.jpg?ex=663832b5&is=6636e135&hm=6977ab7262efdcc3be93243ca8cdf136b9bc6280c019abd52097f03857188831&=&format=webp&width=911&height=683,Armadale,Hard,Xm9G
https://media.discordapp.net/attachments/1227224314483576982/1236490329050320926/20240408_101837.jpg?ex=663832db&is=6636e15b&hm=c030e525d583a5f6397e432da0d3a4b43c03d8e72f3a45b5c83f120275e92b40&=&format=webp&width=1214&height=683,Croydon,Hard,Xm9G
https://media.discordapp.net/attachments/1227224314483576982/1236490721968652288/20240329_130923.jpg?ex=66383339&is=6636e1b9&hm=04ad723ca00220159a32e3c917922d394d1ede163ee6357590e49793ff25020b&=&format=webp&width=911&height=683,Footscray,Medium,Xm9G
https://media.discordapp.net/attachments/1227224314483576982/1236490847827001384/20240329_123429.jpg?ex=66383357&is=6636e1d7&hm=1858be087855382a4943d62c84934800d1c0029ac8beb1c23cdb48fae12866a6&=&format=webp&width=1214&height=683,Southern Cross,Medium,Xm9G
https://media.discordapp.net/attachments/1227224314483576982/1236491092497530950/20240317_143315.jpg?ex=66383391&is=6636e211&hm=d55611b56d3f67c16f44ad566db9cb7a03550ae58457fd6e8e0268c33e19596a&=&format=webp&width=467&height=350,Sunbury,Medium,Xm9G
https://media.discordapp.net/attachments/1227224314483576982/1236491337004613763/20240306_172531.jpg?ex=663833cb&is=6636e24b&hm=5409eb8e69b794ecc5bad939a58b876b705286ca47c4bc6b8bfc7871680e5b5d&=&format=webp&width=911&height=683,Upper Ferntree Gully,Hard,Xm9G
https://media.discordapp.net/attachments/1227224314483576982/1236518573547978772/20240421_085310.jpg?ex=66384d29&is=6636fba9&hm=f2bffecd5f94247d71707de096dd755f63ed008506e27e718a142c284e21e54d&=&format=webp&width=911&height=683,Lilydale,Hard,Xm9G
https://media.discordapp.net/attachments/1227224314483576982/1236518585199886367/20240421_112540.jpg?ex=66384d2c&is=6636fbac&hm=f911f6e9e71f8001277290bf4f691e8bbc5e1bc0f35e761fc320d81086b14e96&=&format=webp&width=911&height=683,Flinders Street,Easy,Xm9G
https://media.discordapp.net/attachments/1227224314483576982/1236518857506557982/20240421_085241.jpg?ex=66384d6d&is=6636fbed&hm=b26c6e1990ca99f91f4f76ab7aa7991d11d55b3ba18e984e917a8e582422663f&=&format=webp&width=911&height=683,Lilydale,Hard,Xm9G
https://media.discordapp.net/attachments/1227224314483576982/1236519260080050277/PXL_20240505_031757893.jpg?ex=66384dcd&is=6636fc4d&hm=43d9b97e372a9d61af2f4b983d48d5ff629c5f7f6bd7c746b24391aeec96b8c9&=&format=webp&width=907&height=683,Kooyong,Medium,Qazzy
https://media.discordapp.net/attachments/1227224314483576982/1236519580713746462/PXL_20240505_031038340.jpg?ex=66384e19&is=6636fc99&hm=1d72ebcdafdf41886943f02670cfc61f0fb6fe8f3b15a601726d7a3216f29f43&=&format=webp&width=465&height=350,Gardiner,Hard,Qazzy
https://media.discordapp.net/attachments/1227224314483576982/1236520373852442644/1033645.jpg?ex=66384ed6&is=6636fd56&hm=47b33aaf3d3810974c4c7444a0aa60353756d13858e8f38b1597b3079e413bd3&=&format=webp&width=911&height=683,Flagstaff,Easy,eggman
https://media.discordapp.net/attachments/1227224314483576982/1236520374406221895/1033303.jpg?ex=66384ed6&is=6636fd56&hm=e94e531467b85fcc5ed174e7226995873783d7566f2abbd37955784103681700&=&format=webp&width=911&height=683,Malvern,Medium,eggman
https://media.discordapp.net/attachments/1235881729697517598/1236506129664704592/4043239.jpg?ex=66384192&is=6636f012&hm=ce2ec32abb539f5a365efeb60945788eea108f864c00d8d4fce928d458501290&=&format=webp&width=911&height=683,Elsternwick,Hard,eggman
https://media.discordapp.net/attachments/1235881729697517598/1236506193489563648/4083745.jpg?ex=663841a1&is=6636f021&hm=63fb0a42de961f6193147f2e015959f4c2b7171fdb55a8ab9cc09ebc39f93c5c&=&format=webp&width=466&height=350,Southland,Hard,eggman
https://media.discordapp.net/attachments/1235881729697517598/1236506324099924008/4114337.jpg?ex=663841c0&is=6636f040&hm=d276542bb4460559a27e94e8d4111cf0c087c6fbcb337b6f8af66bac41c0ff65&=&format=webp&width=911&height=683,Lalor,Hard,eggman
https://media.discordapp.net/attachments/1235881729697517598/1236506464441602131/5055185.jpg?ex=663841e2&is=6636f062&hm=9f7d4ee50143bfa445ff08a4e2331f6107461e5bda9740afff13f97066f30e1d&=&format=webp&width=911&height=683,Laverton,Hard,eggman
https://media.discordapp.net/attachments/1227224314483576982/1236521024804225105/20230617_160819.jpg?ex=66384f71&is=6636fdf1&hm=99da790fc8ec2589b829b1b2d6205e703167916b986ec4b7f54e3c9a0a69e076&=&format=webp&width=512&height=683,Mitcham,Hard,Xm9G
https://media.discordapp.net/attachments/1227224314483576982/1236521196497928284/20230818_112723.jpg?ex=66384f9a&is=6636fe1a&hm=9bafd2583c4f730cc81f0ea7cba255ca41800b4caf39b7cb5b8a4447f8a6ffb4&=&format=webp&width=467&height=350,South Yarra,Medium,Xm9G
https://media.discordapp.net/attachments/1227224314483576982/1236521795558051901/20231210_095851.jpg?ex=66385029&is=6636fea9&hm=1a497a2ebbf354a5d5c79b11ec269bb14e95b3026702c2e1c157fad0ff0f1795&=&format=webp&width=911&height=683,Footscray,Very Hard,Xm9G
https://media.discordapp.net/attachments/1227224314483576982/1236522006032416798/20231210_150328.jpg?ex=6638505b&is=6636fedb&hm=9acd67f2f395b300e88a4ae75e931dcbff114b9b1589dedef234c886144a7134&=&format=webp&width=911&height=683,Flagstaff,Hard,Xm9G
https://media.discordapp.net/attachments/1236171501405868033/1236590030634356776/IMG_1865.png?ex=66388fb6&is=66373e36&hm=2528437dc13dbe5160be6f83064d1e2ee6fbdbc5b5101e96f0ba6a9bbe30544e&=&format=webp&quality=lossless&width=911&height=683,Surrey Hills,Very Hard,Objecty
https://media.discordapp.net/attachments/1236171501405868033/1236590031246852177/IMG_1864.jpg?ex=66388fb6&is=66373e36&hm=6899fa28efc7ec260d97e4033abe0b79715c227a92e5bcf8a5df5ae2adc5aedb&=&format=webp&width=1214&height=683,Union,Easy,Objecty
https://media.discordapp.net/attachments/1236171501405868033/1236590031741911040/IMG_1862.jpg?ex=66388fb6&is=66373e36&hm=0f9af212511bb2549510e3b79db01255c00433f9209c07b2b168814e334dcbba&=&format=webp&width=1214&height=683,Oakleigh,Medium,Objecty
https://media.discordapp.net/attachments/1236171501405868033/1236590032274329651/IMG_1860.jpg?ex=66388fb6&is=66373e36&hm=b484497d08fd36f5a6da3d31d59a4aacb0f5a9b7ab9ba31ac9afc817db909158&=&format=webp&width=1214&height=683,Maryborough,Hard,Objecty
https://media.discordapp.net/attachments/1236171501405868033/1236590032874242090/IMG_1859.jpg?ex=66388fb6&is=66373e36&hm=bf9b328c764d9c64cba3500f3f27719931d5355d582d2ada0e14158d84245b86&=&format=webp&width=1214&height=683,Seymour,Medium,Objecty
https://media.discordapp.net/attachments/1236171501405868033/1236590033465770014/IMG_1858.jpg?ex=66388fb6&is=66373e36&hm=c27f95ab1eea9ae89ae4613701186b108a82e3fd130d8e081b659d06b675edcc&=&format=webp&width=1214&height=683,Holmesglen,Medium,Objecty
https://media.discordapp.net/attachments/1225026918525702205/1237334765984809051/IMG_5671.jpg?ex=663b454c&is=6639f3cc&hm=2a594a876a3eceb92d0ca4a5e6afbf78e036f20af76e54aec4151383cc3b5f3e&=&format=webp&width=512&height=683,huntingdale,Medium,Domino
https://media.discordapp.net/attachments/1235385086174691400/1238705304175116319/IMG_5752.jpg?ex=664041b6&is=663ef036&hm=b029b78180cb81e324ed019e0896869ab3a1adc57d51bfd41b623c19b96c3942&=&format=webp&width=910&height=683,Darebin,Medium,dinohh
https://media.discordapp.net/attachments/1235385086174691400/1238705347435167824/IMG_5753.jpg?ex=664041c0&is=663ef040&hm=93c419931858f2ba9d8e7d4e35943eda7c20b666ca1ae6fd9e5bd64f5ab092b8&=&format=webp&width=910&height=683,Darebin,Medium,dinohh
https://media.discordapp.net/attachments/1235832156480213043/1238682626655518801/PXL_20240511_013751724.jpg?ex=66402c97&is=663edb17&hm=3da25f5a059af0ca62524bc67d00460dd5fe6ba60a858fa35af6f6f6c3edf636&=&format=webp&width=907&height=683,Highett,Easy,Qazzy
https://media.discordapp.net/attachments/1235832156480213043/1238682627368812665/PXL_20240511_023803592.jpg?ex=66402c97&is=663edb17&hm=28be75a0627963a9ad2b39d11a6d96eb03bc6ca9ec39c9da58c3bad10544f601&=&format=webp&width=907&height=683,Elsternwick,Medium,Qazzy
https://media.discordapp.net/attachments/1227224314483576982/1238707888696856636/20240511_091627.jpg?ex=6640441e&is=663ef29e&hm=46ae32b4927bfbe21e0391fd20f741ba1e03ad9afc353aa08ae45cefb22d189a&=&format=webp&width=911&height=683,Ringwood,Medium,Xm9G
https://media.discordapp.net/attachments/1227224314483576982/1238708501065498728/20240511_101910.jpg?ex=664044b0&is=663ef330&hm=da6cf62e691f10070593a15b2da7b4e6e11a793dd2fb92c089936afd7b3cb22d&=&format=webp&width=1214&height=683,north melbourne,Easy,Xm9G
https://media.discordapp.net/attachments/1227224314483576982/1238708866854948935/20240511_102019.jpg?ex=66404507&is=663ef387&hm=6c30694823f522f9699bb031d5b1a060134bf613a34c727d9b749b7180ac67e9&=&format=webp&width=550&height=309,north melbourne,Medium,Xm9G
https://media.discordapp.net/attachments/1227224314483576982/1238709269071925350/20240511_105612.jpg?ex=66404567&is=663ef3e7&hm=65de000a01664173722fb618985d19d922645294330c2ec8c400f2d03869e731&=&format=webp&width=512&height=683,Footscray,Hard,Xm9G
https://media.discordapp.net/attachments/1227224314483576982/1238709426609979422/20240511_105643.jpg?ex=6640458d&is=663ef40d&hm=dce2dc4f4d554bdb8732eb2fa39c55003cf4093ae81485bfb37aaa7ca4e09e89&=&format=webp&width=1214&height=683,Footscray,Medium,Xm9G
https://media.discordapp.net/attachments/1227224314483576982/1238709629610102814/20240511_105840.jpg?ex=664045bd&is=663ef43d&hm=cdcddb80bd6745e3ce42f4ec56a0166ac5c0d6cc10866e60a20052d2c0948dab&=&format=webp&width=467&height=350,Footscray,Medium,Xm9G
https://media.discordapp.net/attachments/1227224314483576982/1238709830730911805/20240511_110337.jpg?ex=664045ed&is=663ef46d&hm=0986298fe4d61724ed30c9ebe5851b81096c3aa3ae5442a950fb49df13bf2a1a&=&format=webp&width=911&height=683,Footscray,Medium,Xm9G
https://media.discordapp.net/attachments/1236171501405868033/1238738034904793118/IMG_1944.jpg?ex=66406032&is=663f0eb2&hm=24ccee4fee355d64f8619058097f3b25b819cae35091b70e8d29276f5826c359&=&format=webp&width=1214&height=683,Glenroy,Hard,Objecty
https://media.discordapp.net/attachments/1236171501405868033/1238738036045385738/IMG_1946.jpg?ex=66406032&is=663f0eb2&hm=e8c05a033883bf696ea152071dde5008b7652ffe04723c03496850217edc9286&=&format=webp&width=1214&height=683,Frankston,Easy,Objecty
https://media.discordapp.net/attachments/1236171501405868033/1238738036448297000/IMG_1947.jpg?ex=66406032&is=663f0eb2&hm=1d673a69f9aac15bc0914a0fba2c695380c4eb560da95edaab90689de267fae5&=&format=webp&width=1214&height=683,Wallan,Hard,Objecty
https://media.discordapp.net/attachments/1236171501405868033/1238738036901154889/IMG_1948.jpg?ex=66406032&is=663f0eb2&hm=fa1351fb0e9c169ca4106bab8ab63b90964c8d57f3dacd6c6af9b12c434b03bc&=&format=webp&width=1214&height=683,Mitcham,Hard,Objecty
https://media.discordapp.net/attachments/1235385086174691400/1239472475465715762/IMG_5780.jpg?ex=66430c32&is=6641bab2&hm=42a7dfa6ea09fae8c8cce1abcce1bb3e98aa32d888e920fdf22582142ad14567&=&format=webp&width=910&height=683,dennis,Hard,dinohh
https://media.discordapp.net/attachments/1235385086174691400/1239472475885277194/IMG_5781.jpg?ex=66430c32&is=6641bab2&hm=4ab85cdc2c5f909d98dda3b32b57fc7e9b4c7b0ed83c45a08b4f894ca01f4c92&=&format=webp&width=910&height=683,dennis,Hard,dinohh
https://media.discordapp.net/attachments/1235385086174691400/1239512779128569886/IMG_5782.jpg?ex=664331bb&is=6641e03b&hm=abed8a0aaca8f20c0141ab8613c4ae12794d735a3c46c96b95e4ca1ebf4b8a25&=&format=webp&width=467&height=350,Elsternwick,Medium,dinohh
https://media.discordapp.net/attachments/1235385086174691400/1241277356707151872/IMG_5800.jpg?ex=66499d1f&is=66484b9f&hm=ccf8884728a246098945cf992c189527378dfd11e7a0890b6578bd9e15f8aa35&=&format=webp&width=911&height=683,Ormond,Medium,dinohh
https://media.discordapp.net/attachments/1322785938405064727/1322786240071864361/20241124_174655.jpg?ex=6772242f&is=6770d2af&hm=7faa382e6e34dbd5c9e8000bef7a820ba8ae83c3fff60c1bcfea0b89f0f70bdf&=&format=webp&width=1648&height=742,Bayswater,Medium,Siemensisthebestlol
https://media.discordapp.net/attachments/1322785938405064727/1322786240571117568/20241124_175034.jpg?ex=6772242f&is=6770d2af&hm=32fafe8848519c2b2adb1fce258cef01f0fa408400086d55c9e7129a27e683df&=&format=webp&width=1648&height=742,Bayswater,Medium,Siemensisthebestlol
https://media.discordapp.net/attachments/1322785938405064727/1322792785572528168/20241123_153047.jpg?ex=67722a48&is=6770d8c8&hm=2d440f7550c9cef0ff43de49730f44b657a75800a253c1f2ca6ddea756195a8b&=&format=webp&width=1648&height=742,Hawthorn,Medium,Siemensisthebestlol
https://media.discordapp.net/attachments/1322785938405064727/1322812227102838856/20240903_134226.jpg?ex=67738de3&is=67723c63&hm=bd370806fd092979b0ac9ac49131f77d35d4aff461aedbe0d6be5cff3a09e4d7&=&format=webp&width=1648&height=742,Southern Cross,Medium,Siemensisthebestlol
https://media.discordapp.net/attachments/1322785938405064727/1322812473585303573/20240902_172219.jpg?ex=67738e1e&is=67723c9e&hm=d36d6af202910c5286752811b62db421c89249bb01fb4e3b8fd71c80d2271b11&=&format=webp&width=687&height=310,Eltham,Hard,Siemensisthebestlol
https://media.discordapp.net/attachments/1238821549352685568/1323592775395971143/IMG20241231205551.jpg?ex=6775bc14&is=67746a94&hm=a82108694122124f6a14f79c1349f5226e5883d43d16971fff0c2e6544337fe2&=&format=webp&width=384&height=683,Mitcham,Hard,Richy Transport
https://railway-photos.xm9g.net/photos/N452.webp,Warrnambool,Hard,Richy Transport
https://railway-photos.xm9g.net/photos/865M.webp,Glen Waverley,Medium,Siemensisthebestlol
https://railway-photos.xm9g.net/photos/172M.webp,Ringwood East,Medium,Xm9G
https://railway-photos.xm9g.net/photos/72M.webp,Box Hill,Easy,Siemensisthebestlol
https://railway-photos.xm9g.net/photos/2554T.webp,South Kensington,Medium,Xm9G
https://railway-photos.xm9g.net/photos/795M-4.webp,Royal Park,Medium,Xm9G
https://railway-photos.xm9g.net/photos/680M.webp,Kensington,Medium,Xm9G
https://railway-photos.xm9g.net/photos/680M-2.webp,Newmarket,Medium,Xm9G
https://railway-photos.xm9g.net/photos/607M-2.webp,Kensington,Medium,Xm9G
https://railway-photos.xm9g.net/photos/392M.webp,Caulfield,Medium,Xm9G
https://railway-photos.xm9g.net/photos/472M.webp,South Yarra,Medium,Xm9G
https://railway-photos.xm9g.net/photos/531M.webp,Kensington,Medium,Xm9G
https://railway-photos.xm9g.net/photos/642M-2.webp,Kensington,Hard,Xm9G
https://railway-photos.xm9g.net/photos/669M-2.webp,Kensington,Medium,Xm9G
https://railway-photos.xm9g.net/photos/9062.webp,Malvern,Hard,Xm9G
https://railway-photos.xm9g.net/photos/N456.webp,Marshall,Hard,Xm9G
https://railway-photos.xm9g.net/photos/N462-3.webp,Tottenham,Hard,Xm9G
https://railway-photos.xm9g.net/photos/N469.webp,Southern Cross,Medium,Xm9G
https://railway-photos.xm9g.net/photos/N455-2.webp,Geelong,Medium,Xm9G
https://railway-photos.xm9g.net/photos/7012.webp,Kensington,Hard,Xm9G
https://railway-photos.xm9g.net/trains/melbourne/v/line/y-class/y156,Geelong,Hard,Xm9G
https://railway-photos.xm9g.net/photos/1135.webp,Ballarat,Medium,XM9G
https://railway-photos.xm9g.net/photos/1234.webp,Ardeer,Hard,one986
https://media.discordapp.net/attachments/1322785938405064727/1323903527223037993/20250101_173718.jpg?ex=677634bd&is=6774e33d&hm=5153ee92f3de3c9e20a72417b29365ba0b928b19fab1cedd1c235f33793dfc85&=&format=webp&width=1440&height=648,Glen Waverley,Hard,Siemensisthebestlol
https://media.discordapp.net/attachments/1323988124208070666/1324169659376861194/IMG_1894.jpg?ex=67772c98&is=6775db18&hm=85343bc65f80f6aa873c2182ef4e3ef5d9afb6d9978b2d4b8e8f134f694dfc77&=&format=webp&width=512&height=683,Ascot Vale,Hard,Walter White
https://media.discordapp.net/attachments/1323988124208070666/1324169774732804196/IMG_2011.png?ex=67772cb4&is=6775db34&hm=12b13f0e945b95530c02aa148845f1a8a43038a168f68a42f76bd5bb60f0fcae&=&format=webp&quality=lossless&width=197&height=350,Ascot Vale,Very Hard,Walter White
https://media.discordapp.net/attachments/1323988124208070666/1324170634938552360/496820640005.jpg?ex=67772d81&is=6775dc01&hm=d8856e4e58b0c3097903b61cf1607063d8aa28c4c43897fc204cb08f019a69f6&=&format=webp&width=1030&height=683,Kensington,Very Hard,Walter White
https://media.discordapp.net/attachments/1323988124208070666/1324170636985106462/496820640006.jpg?ex=67772d81&is=6775dc01&hm=19692ca3396aa31c4dc0256389b33c7949ad957f7f925191d0fe0c48ac7c3630&=&format=webp&width=1030&height=683,Kensington,Very Hard,Walter White
https://media.discordapp.net/attachments/1323988124208070666/1324192231346798592/image.jpg?ex=6777419e&is=6775f01e&hm=7a5599ebdd65318758297df509c3a4acc58ac9ddc8ea2d2deff8f7bffe4a6073&=&format=webp&width=512&height=683,Geelong,Very Hard,Walter White
https://media.discordapp.net/attachments/1322785938405064727/1326868335081820180/20250109_192621.jpg?ex=6780fdef&is=677fac6f&hm=9796fd6d2c911f776f836b7d86cd12c0c799eb82eee9728aaad49fdc48804e24&=&format=webp&width=1648&height=742,Footscray,Hard,Siemensisthebestlol
https://media.discordapp.net/attachments/1322785938405064727/1326868335446458460/20250109_192542.jpg?ex=6780fdef&is=677fac6f&hm=28909ddc3469670e467202eb5d4e4803c8b7bd4d81ea1e3f1a2367cf44496558&=&format=webp&width=1648&height=741,Footscray,Medium,Siemensisthebestlol
https://media.discordapp.net/attachments/1322785938405064727/1326868335966814252/20250109_192536.jpg?ex=6780fdef&is=677fac6f&hm=84b555520eebe1428656701c63ac03eac613a8c68e67112c22bdf64e771ec504&=&format=webp&width=1648&height=742,Footscray,Hard,Siemensisthebestlol
https://media.discordapp.net/attachments/1322785938405064727/1326868336495038504/20250109_192525.jpg?ex=6780fdef&is=677fac6f&hm=297c578a4d17e088637a18664f553513b20e25c3ad77edfeae5758818d4e1387&=&format=webp&width=1648&height=742,Footscray,Very Hard,Siemensisthebestlol
https://media.discordapp.net/attachments/1323988124208070666/1327451642634965115/IMG_1764.jpg?ex=67831d2e&is=6781cbae&hm=ca7ef5c1dcf7010d0dc1be02b37301fc21dcc41900b1bc4aaa282e16bd1f37ad&=&format=webp&width=590&height=786,Essendon,Hard,Walter White15,Lilydale,hard
https://flying-thrush-early.ngrok-free.app/guesser/bad_piggies.jpg,Lilydale,hard,xm9g
