301M-1001T-302M,Metro,"Mon, 28th Sep 1981",Scrapped,At North Bendigo
303M-1002T-304M,Metro,"Mon, 22nd Feb 1982",Scrapped,At North Bendigo
307M-1004T-308M,Metro,"Mon, 22nd Feb 1982",Scrapped,At North Bendigo
309M-1005T-310M,Metro,"Mon, 17th May 1982",Scrapped,At North Bendigo
311M-1006T-312M,Metro,"Thu, 21st Jan 1982",Scrapped,At Newport Workshops
313M-1007T-333M,Metro,"Mon, 26th Jul 1982",Scrapped,At Newport Workshops
314M-1017T-334M,Metro,"Mon, 26th Jul 1982",Scrapped,At the McConnell Dowell Rail Plant
316M-1033T-319M,Metro,"Mon, 10th May 1982",Scrapped,At the McConnell Dowell Rail Plant
317M-1009T-318M,Metro,"Mon, 10th May 1982",Scrapped,At Newport Workshops
320M-1107T-321M,Metro,"Mon, 26th Jul 1982",Scrapped,At North Bendigo
322M-1011T-425M,Metro,"Fri, 20th Apr 1984",Scrapped,At the McConnell Dowell Rail Plant
323M-1012T-361M,Metro,"Sat, 26th Feb 1983",Scrapped,At North Bendigo
324M-1031T-342M,Metro,"Tue, 21st Sep 1982",In-Service,Modified Horn Installed (Single Tone)
325M-1013T-326M,Metro,"Mon, 5th Jul 1982",Scrapped,At Newport Workshops
327M-1082T-349M,Metro,"Tue, 9th Nov 1982",In-Service,Modified Horn Installed (Single Tone)
328M-1014T-464M,Metro,"Wed, 24th Oct 1984",In-Service,Modified Horn Installed (Single Tone)
329M-1015T-366M,Metro,"Mon, 9th May 1983",In-Service,Modified Horn Installed (Single Tone)
330M-1025T-350M,Metro,"Tue, 9th Nov 1982",Scrapped,At North Bendigo
331M-1050T-400M,Metro,"Mon, 17th Oct 1983",Scrapped,At North Bendigo
332M-1016T-399M,Metro,"Mon, 17th Oct 1983",Scrapped,At the McConnell Dowell Rail Plant
335M-1045T-387M,Metro,"Mon, 3rd Oct 1983",In-Service,Modified Horn Installed (Single Tone)
336M-1069T-437M,Metro,"Tue, 26th Jun 1984",Scrapped,At North Bendigo
337M-1019T-438M,Metro,"Tue, 26th Jun 1984",In-Service,Modified Horn Installed (Single Tone)
338M-1092T-484M,Metro,"Wed, 1st May 1985",Scrapped,At Newport Workshops
339M-1020T-340M,Metro,"Tue, 21st Sep 1982",Scrapped,At the McConnell Dowell Rail Plant
341M-1021T-463M,Metro,"Wed, 24th Oct 1984",Scrapped,At Newport Workshops
343M-1010T-384M,Metro,"Mon, 12th Sep 1983",In-Service,Modified Horn Installed (Single Tone)
344M-1044T-390M,Metro,"Mon, 29th Aug 1983",Scrapped,At the McConnell Dowell Rail Plant
345M-1023T-346M,Metro,"Tue, 12th Oct 1982",Scrapped,At Newport Workshops
347M-1024T-348M,Metro,"Sat, 23rd Oct 1982",In-Service,Modified Horn Installed (Single Tone)
351M-1026T-352M,Metro,"Tue, 9th Nov 1982",In-Service,Modified Horn Installed (Single Tone)
353M-1027T-354M,Metro,"Mon, 13th Dec 1982",In-Service,Modified Horn Installed (Single Tone)
355M-1028T-356M,Metro,"Mon, 13th Dec 1982",In-Service,Modified Horn Installed (Single Tone)
357M-1029T-358M,Metro,"Sun, 16th Jan 1983",In-Service,Modified Horn Installed (Single Tone)
359M-1030T-360M,Metro,"Sun, 16th Jan 1983",Scrapped,At Newport Workshops
362M-1038T-376M,Metro,"Mon, 6th Jun 1983",Scrapped,At Newport Workshops
363M-1032T-364M,Metro,"Sat, 26th Feb 1983",Scrapped,At North Bendigo
365M-1042T-383M,Metro,"Mon, 12th Sep 1983",Scrapped,At the McConnell Dowell Rail Plant
367M-1034T-368M,Metro,"Mon, 9th May 1983",Scrapped,At Newport Workshops
369M-1035T-370M,Metro,"Mon, 23rd May 1983",In-Service,Modified Horn Installed (Single Tone)
371M-1036T-372M,Metro,"Mon, 23rd May 1983",In-Service,Modified Horn Installed (Single Tone)
373M-1037T-374M,Metro,"Mon, 6th Jun 1983",Scrapped,At North Bendigo
375M-1094T-488M,Metro,"Thu, 13th Jun 1985",Scrapped,At Newport Workshops
377M-1039T-378M,Metro,"Mon, 27th Jun 1983",In-Service,Modified Horn Installed (Single Tone)
379M-1040T-380M,Metro,"Mon, 27th Jun 1983",In-Service,Modified Horn Installed (Single Tone)
381M-1041T-382M,Metro,"Mon, 8th Aug 1983",In-Service,Modified Horn Installed (Single Tone)
385M-1043T-386M,Metro,"Mon, 8th Aug 1983",Scrapped,At the McConnell Dowell Rail Plant
389M-1063T-426M,Metro,"Fri, 20th Apr 1984",In-Service,Modified Horn Installed (Single Tone)
391M-1047T-392M,Metro,"Mon, 29th Aug 1983",In-Service,Modified Horn Installed (Single Tone)
393M-1048T-394M,Metro,"Mon, 12th Sep 1983",Scrapped,At North Bendigo
395M-1046T-396M,Metro,"Mon, 3rd Oct 1983",Scrapped,At the McConnell Dowell Rail Plant
397M-1049T-398M,Metro,"Mon, 17th Oct 1983",In-Service,Modified Horn Installed (Single Tone)
401M-1051T-402M,Metro,"Tue, 20th Dec 1983",In-Service,Modified Horn Installed (Single Tone)
403M-1018T-404M,Metro,"Tue, 20th Dec 1983",Scrapped,At the McConnell Dowell Rail Plant
405M-1053T-406M,Metro,"Mon, 6th Feb 1984",In-Service,Modified Horn Installed (Single Tone)
407M-1054T-408M,Metro,"Mon, 6th Feb 1984",Scrapped,At Newport Workshops
409M-1055T-410M,Metro,"Sat, 18th Feb 1984",Scrapped,At the McConnell Dowell Rail Plant
411M-1056T-412M,Metro,"Sat, 18th Feb 1984",Scrapped,At the McConnell Dowell Rail Plant
413M-1057T-414M,Metro,"Tue, 16th Oct 1984",Scrapped,At North Bendigo
415M-1058T-416M,Metro,"Tue, 16th Oct 1984",Scrapped,At the McConnell Dowell Rail Plant
417M-1059T-418M,Metro,"Sat, 3rd Mar 1984",In-Service,Modified Horn Installed (Single Tone)
419M-1060T-420M,Metro,"Sat, 3rd Mar 1984",Scrapped,At the McConnell Dowell Rail Plant
421M-1061T-422M,Metro,"Sat, 9th Apr 1983",In-Service,Modified Horn Installed (Single Tone)
423M-1062T-424M,Metro,"Sat, 9th Apr 1983",In-Service,Modified Horn Installed (Single Tone)
427M-1052T-487M,Metro,"Thu, 13th Jun 1985",Scrapped,At the McConnell Dowell Rail Plant
428M-1064T-483M,Metro,"Wed, 1st May 1985",Scrapped,At the McConnell Dowell Rail Plant
429M-1065T-430M,Metro,"Sat, 12th May 1984",In-Service,Modified Horn Installed (Single Tone)
431M-1066T-432M,Metro,"Sat, 12th May 1984",In-Service,Modified Horn Installed (Single Tone)
433M-1067T-434M,Metro,"Wed, 26th Sep 1984",In-Service,Modified Horn Installed (Single Tone)
435M-1068T-436M,Metro,"Wed, 26th Sep 1984",In-Service,Modified Horn Installed (Single Tone)
439M-1070T-440M,Metro,"Tue, 26th Jun 1984",Scrapped,At North Bendigo
441M-1071T-442M,Metro,"Tue, 26th Jun 1984",In-Service,Modified Horn Installed (Single Tone)
443M-1072T-444M,Metro,"Tue, 26th Jun 1984",In-Service,Modified Horn Installed (Single Tone)
445M-1073T-446M,Metro,"Wed, 27th Jun 1984",Scrapped,At North Bendigo
447M-1074T-448M,Metro,"Wed, 27th Jun 1984",In-Service,Modified Horn Installed (Single Tone)
449M-1075T-450M,Metro,"Sun, 1st Jul 1984",Scrapped,At Newport Workshops
451M-1076T-452M,Metro,"Sun, 1st Jul 1984",Scrapped,At the McConnell Dowell Rail Plant
453M-1077T-454M,Metro,"Fri, 27th Jul 1984",Scrapped,At the McConnell Dowell Rail Plant
455M-1078T-456M,Metro,"Fri, 27th Jul 1984",In-Service,Modified Horn Installed (Single Tone)
457M-1079T-458M,Metro,"Fri, 17th Aug 1984",In-Service,Modified Horn Installed (Single Tone)
459M-1080T-460M,Metro,"Fri, 17th Aug 1984",Scrapped,At North Bendigo
461M-1081T-462M,Metro,"Wed, 24th Oct 1984",Scrapped,At Newport Workshops
465M-1083T-466M,Metro,"Wed, 9th Jan 1985",Scrapped,At the McConnell Dowell Rail Plant
467M-1084T-468M,Metro,"Wed, 9th Jan 1985",Scrapped,At North Bendigo
471M-1086T-472M,Metro,"Fri, 15th Mar 1985",In-Service,Modified Horn Installed (Single Tone)
473M-1087T-474M,Metro,"Fri, 24th May 1985",Scrapped,At North Bendigo
475M-1088T-476M,Metro,"Wed, 29th May 1985",Scrapped,At Newport Workshops
477M-1089T-478M,Metro,"Thu, 10th Jan 1985",In-Service,Modified Horn Installed (Single Tone)
479M-1090T-480M,Metro,"Thu, 10th Jan 1985",Scrapped,At Newport Workshops
481M-1091T-482M,Metro,"Sat, 20th Apr 1985",In-Service,Modified Horn Installed (Single Tone)
485M-1093T-486M,Metro,"Tue, 28th May 1985",In-Service,Modified Horn Installed (Single Tone)
489M-1105T-510M,Metro,"Wed, 13th Aug 1986",Scrapped,At North Bendigo
490M-1095T-509M,Metro,"Wed, 13th Aug 1986",Scrapped,At Newport Workshops
491M-1096T-492M,Metro,"Tue, 8th Oct 1985",Scrapped,At the McConnell Dowell Rail Plant
493M-1097T-494M,Metro,"Fri, 6th Dec 1985",Scrapped,At North Bendigo
495M-1098T-496M,Metro,"Thu, 12th Dec 1985",In-Service,Modified Horn Installed (Single Tone)
497M-1099T-498M,Metro,"Sun, 2nd Feb 1986",Scrapped,At the McConnell Dowell Rail Plant
499M-1100T-534M,Metro,"Fri, 26th Jun 1987",In-Service,Modified Horn Installed (Single Tone)
501M-1101T-502M,Metro,"Sun, 18th May 1986",In-Service,Modified Horn Installed (Single Tone)
503M-1102T-504M,Metro,"Wed, 30th Apr 1986",Scrapped,At Newport Workshops
505M-1103T-506M,Metro,"Sun, 22nd Jun 1986",In-Service,Modified Horn Installed (Single Tone)
507M-1104T-508M,Metro,"Sun, 22nd Jun 1986",In-Service,Modified Horn Installed (Single Tone)
511M-1106T-512M,Metro,"Tue, 19th Aug 1986",In-Service,Modified Horn Installed (Single Tone)
513M-1008T-514M,Metro,"Fri, 19th Sep 1986",In-Service,Modified Horn Installed (Single Tone)
515M-1108T-516M,Metro,"Fri, 3rd Oct 1986",Scrapped,At North Bendigo
517M-1117T-529M,Metro,"Wed, 13th May 1987",Scrapped,At North Bendigo
518M-1126T-551M,Metro,"Fri, 17th Feb 1989",In-Service,Modified Horn Installed (Single Tone)
519M-1110T-520M,Metro,"Thu, 18th Dec 1986",In-Service,Modified Horn Installed (Single Tone)
521M-1111T-522M,Metro,"Wed, 11th Feb 1987",In-Service,Modified Horn Installed (Single Tone)
523M-1112T-524M,Metro,"Fri, 27th Feb 1987",Scrapped,At the McConnell Dowell Rail Plant
525M-1113T-526M,Metro,"Fri, 27th Mar 1987",In-Service,Modified Horn Installed (Single Tone)
527M-1114T-528M,Metro,"Tue, 31st Mar 1987",Scrapped,At Newport Workshops
530M-1115T-552M,Metro,"Fri, 17th Feb 1989",In-Service,Modified Horn Installed (Single Tone)
531M-1116T-532M,Metro,"Fri, 22nd May 1987",In-Service,Modified Horn Installed (Single Tone)
535M-1118T-536M,Metro,"Thu, 30th Jul 1987",In-Service,Modified Horn Installed (Single Tone)
537M-1119T-538M,Metro,"Thu, 29th Oct 1987",Scrapped,At North Bendigo
539M-1120T-540M,Metro,"Fri, 30th Oct 1987",Scrapped,At Newport Workshops
541M-1121T-542M,Metro,"Fri, 4th Dec 1987",In-Service,Modified Horn Installed (Single Tone)
543M-1122T-544M,Metro,"Tue, 22nd Dec 1987",In-Service,Modified Horn Installed (Single Tone)
545M-1123T-546M,Metro,"Mon, 22nd Aug 1988",In-Service,Modified Horn Installed (Single Tone)
547M-1124T-548M,Metro,"Fri, 16th Dec 1988",In-Service,Modified Horn Installed (Single Tone)
549M-1125T-550M,Metro,"Tue, 20th Dec 1988",In-Service,Modified Horn Installed (Single Tone)
553M-1127T-554M,Metro,"Tue, 7th Mar 1989",Scrapped,At the McConnell Dowell Rail Plant
561M-1131T-565M,Metro,"Fri, 23rd Nov 1984",In-Service,Modified Horn Installed (Single Tone)
562M-1133T-566M,Metro,"Fri, 23rd Nov 1984",In-Service,Modified Horn Installed (Single Tone)
563M-1132T-564M,Metro,"Fri, 23rd Nov 1984",In-Service,Modified Horn Installed (Single Tone)
567M-1134T-568M,Metro,"Thu, 20th Dec 1984",In-Service,Modified Horn Installed (Single Tone)
569M-1156T-612M,Metro,"Fri, 4th Apr 1986",In-Service,Modified Horn Installed (Single Tone)
570M-1135T-661M,Metro,"Thu, 17th Nov 1988",In-Service,Modified Horn Installed (Single Tone)
571M-1136T-572M,Metro,"Fri, 15th Mar 1985",In-Service,Modified Horn Installed (Single Tone)
573M-1137T-574M,Metro,"Fri, 15th Mar 1985",In-Service,Modified Horn Installed (Single Tone)
575M-1138T-576M,Metro,"Tue, 26th Mar 1985",In-Service,Modified Horn Installed (Single Tone)
577M-1139T-578M,Metro,"Wed, 10th Apr 1985",In-Service,Modified Horn Installed (Single Tone)
579M-1140T-580M,Metro,"Fri, 24th May 1985",In-Service,Modified Horn Installed (Single Tone)
581M-1141T-584M,Metro,"Wed, 28th Aug 1985",In-Service,Modified Horn Installed (Single Tone)
582M-1145T-651M,Metro,"Fri, 13th Nov 1987",In-Service,Modified Horn Installed (Single Tone)
583M-1022T-589M,Metro,"Tue, 3rd Sep 1985",Scrapped,At Newport Workshops
585M-1143T-586M,Metro,"Sun, 8th Sep 1985",In-Service,Modified Horn Installed (Single Tone)
587M-1144T-588M,Metro,"Sat, 20th Jul 1985",In-Service,Modified Horn Installed (Single Tone)
590M-1174T-647M,Metro,"Thu, 10th Sep 1987",In-Service,Modified Horn Installed (Single Tone)
591M-1146T-592M,Metro,"Sat, 20th Jul 1985",In-Service,Modified Horn Installed (Single Tone)
593M-1147T-594M,Metro,"Tue, 3rd Sep 1985",In-Service,Modified Horn Installed (Single Tone)
595M-1148T-596M,Metro,"Fri, 30th Aug 1985",In-Service,Modified Horn Installed (Single Tone)
597M-1149T-598M,Metro,"Fri, 30th Aug 1985",In-Service,Modified Horn Installed (Single Tone)
599M-1150T-600M,Metro,"Sun, 27th Oct 1985",In-Service,Modified Horn Installed (Single Tone)
601M-1151T-602M,Metro,"Sun, 27th Oct 1985",In-Service,EED Trial-Modified Horn Installed (Single Tone)
603M-1152T-604M,Metro,"Tue, 19th Nov 1985",In-Service,EED Trial-Modified Horn Installed (Single Tone)
605M-1153T-606M,Metro,"Fri, 13th Dec 1985",In-Service,Modified Horn Installed (Single Tone)
607M-1154T-608M,Metro,"Thu, 16th Jan 1986",In-Service,Modified Horn Installed (Single Tone)
609M-1155T-610M,Metro,"Sat, 8th Mar 1986",In-Service,Modified Horn Installed (Single Tone)
611M-1181T-662M,Metro,"Thu, 17th Nov 1988",In-Service,Modified Horn Installed (Single Tone)
613M-1157T-614M,Metro,"Sun, 18th May 1986",In-Service,Modified Horn Installed (Single Tone)
615M-1158T-616M,Metro,"Fri, 23rd May 1986",In-Service,Modified Horn Installed (Single Tone)
617M-1159T-618M,Metro,"Fri, 27th Jun 1986",In-Service,Modified Horn Installed (Single Tone)
619M-1160T-620M,Metro,"Thu, 10th Jul 1986",In-Service,Modified Horn Installed (Single Tone)
621M-1161T-622M,Metro,"Tue, 26th Aug 1986",In-Service,Modified Horn Installed (Single Tone)
623M-1162T-624M,Metro,"Wed, 24th Sep 1986",In-Service,Modified Horn Installed (Single Tone)
625M-1163T-626M,Metro,"Fri, 24th Oct 1986",In-Service,Modified Horn Installed (Single Tone)
627M-1164T-648M,Metro,"Thu, 10th Sep 1987",In-Service,Modified Horn Installed (Single Tone)
628M-1176T-652M,Metro,"Fri, 13th Nov 1987",In-Service,Modified Horn Installed (Single Tone)
629M-1142T-630M,Metro,"Wed, 7th Jan 1987",In-Service,Modified Horn Installed (Single Tone)
631M-1166T-632M,Metro,"Mon, 23rd Nov 1987",In-Service,Modified Horn Installed (Single Tone)
633M-1167T-634M,Metro,"Tue, 24th Mar 1987",In-Service,Modified Horn Installed (Single Tone)
635M-1168T-636M,Metro,"Fri, 27th Mar 1987",In-Service,EED Trial-Modified Horn Installed (Single Tone)
637M-1169T-638M,Metro,"Wed, 15th Apr 1987",In-Service,Modified Horn Installed (Single Tone)
639M-1170T-640M,Metro,"Tue, 28th Apr 1987",In-Service,Modified Horn Installed (Single Tone)
641M-1187T-674M,Metro,"Wed, 14th Jun 1989",In-Service,Modified Horn Installed (Single Tone)
642M-1171T-673M,Metro,"Wed, 14th Jun 1989",In-Service,Modified Horn Installed (Single Tone)
643M-1172T-644M,Metro,"Wed, 24th Jun 1987",In-Service,Modified Horn Installed (Single Tone)
645M-1173T-646M,Metro,"Wed, 12th Aug 1987",In-Service,Modified Horn Installed (Single Tone)
649M-1175T-650M,Metro,"Fri, 6th Nov 1987",In-Service,Modified Horn Installed (Single Tone)
653M-1177T-654M,Metro,"Fri, 22nd Jul 1988",In-Service,Modified Horn Installed (Single Tone)
655M-1178T-656M,Metro,"Fri, 22nd Jul 1988",In-Service,Modified Horn Installed (Single Tone)
657M-1179T-658M,Metro,"Tue, 6th Sep 1988",In-Service,Modified Horn Installed (Single Tone)
659M-1180T-660M,Metro,"Mon, 26th Sep 1988",In-Service,Modified Horn Installed (Single Tone)
663M-1182T-664M,Metro,"Sat, 25th Nov 1989",In-Service,Modified Horn Installed (Single Tone)
665M-1183T-666M,Metro,"Tue, 17th Jan 1989",In-Service,Modified Horn Installed (Single Tone)
667M-1184T-668M,Metro,"Fri, 27th Jan 1989",In-Service,EED Trial-Modified Horn Installed (Single Tone)
669M-1185T-670M,Metro,"Thu, 23rd Mar 1989",In-Service,Modified Horn Installed (Single Tone)
675M-1188T-676M,Metro,"Wed, 14th Jun 1989",In-Service,Modified Horn Installed (Single Tone)
677M-1189T-678M,Metro,"Fri, 23rd Jun 1989",In-Service,Modified Horn Installed (Single Tone)
679M-1190T-680M,Metro,"Thu, 13th Jul 1989",In-Service,Modified Horn Installed (Single Tone)
691M-1196T-692M,Metro,"Fri, 10th Oct 1986",Scrapped,At Newport Workshops
693M-1197T-694M,Metro,"Thu, 24th Nov 1988",Scrapped,At Newport Workshops
695M-1198T-696M,Metro,"Fri, 25th Nov 1988",Scrapped,At Newport Workshops
697M-1199T-698M,Metro,"Mon, 24th Jul 1989",Scrapped,At Newport Workshops
9001-9101-9201-9301-9701-9801-9901,Metro/PTV,"Thu, 25th May 2023",In-Service,HCS Installed-Partly Active
9002-9102-9202-9302-9702-9802-9902,Metro/PTV,"Fri, 23rd Jun 2023",In-Service,HCS Installed-Partly Active
9003-9103-9203-9303-9703-9803-9903,Metro/PTV,"Mon, 1st Nov 2021",In-Service,
9004-9104-9204-9304-9704-9804-9904,Metro/PTV,"Wed, 21st Dec 2022",In-Service,HCS Installed-Active
9005-9105-9205-9305-9705-9805-9905,Metro/PTV,"Wed, 16th Nov 2022",In-Service,HCS Installed-Active
9006-9106-9206-9306-9706-9806-9906,Metro/PTV,"Fri, 9th Sep 2022",In-Service,
9007-9107-9207-9307-9707-9807-9907,Metro/PTV,"Fri, 15th Jul 2022",In-Service,
9008-9108-9208-9308-9708-9808-9908,Metro/PTV,"Wed, 14th Apr 2021",In-Service,HCS Installed-Partly Active
9009-9109-9209-9309-9709-9809-9909,Metro/PTV,"Mon, 5th Apr 2021",Projects,HCS Installed-Active-MTM Tunnel testing
9010-9110-9210-9310-9710-9810-9910,Metro/PTV,"Fri, 22nd Apr 2022",In-Service,
9011-9111-9211-9311-9711-9811-9911,Metro/PTV,"Sun, 27th Dec 2020",Projects,HCS Testing-MTM Tunnel
9012-9112-9212-9312-9712-9812-9912,Metro/PTV,"Fri, 17th Dec 2021",In-Service,HCS Installed-Active
9013-9113-9213-9313-9713-9813-9913,Metro/PTV,"Thu, 23rd Dec 2021",In-Service,
9014-9114-9214-9314-9714-9814-9914,Metro/PTV,,Projects,HCS Testing-MTM Tunnel
9015-9115-9215-9315-9715-9815-9915,Metro/PTV,,In-Service,
9016-9116-9216-9316-9716-9816-9916,Metro/PTV,"Fri, 18th Mar 2022",In-Service,
9017-9117-9217-9317-9717-9817-9917,Metro/PTV,,Projects,HCS Testing
9018-9118-9218-9318-9718-9818-9918,Metro/PTV,,In-Service,HCS Installed-Active (Was HCS Testing)
9019-9119-9219-9319-9719-9819-9919,Metro/PTV,,In-Service,
9020-9120-9220-9320-9720-9820-9920,Metro/PTV,"Fri, 21st May 2021",Projects,HCS Testing
9021-9121-9221-9321-9721-9821-9921,Metro/PTV,"Thu, 27th May 2021",Projects,HCS Testing
9022-9122-9222-9322-9722-9822-9922,Metro/PTV,,In-Service,HCS Installed-Partly Active
9023-9123-9223-9323-9723-9823-9923,Metro/PTV,,In-Service,
9024-9124-9224-9324-9724-9824-9924,Special Aboriginal Artwork,,In-Service,
9025-9125-9225-9325-9725-9825-9925,Metro/PTV,,In-Service,
9026-9126-9226-9326-9726-9826-9926,Metro/PTV,,In-Service,HCS Installed-Active
9027-9127-9227-9327-9727-9827-9927,Metro/PTV,,In-Service,HCS Installed-Partly Active
9028-9128-9228-9328-9728-9828-9928,Metro/PTV,,In-Service,
9029-9129-9229-9329-9729-9829-9929,Metro/PTV,,In-Service,HCS Installed-Partly Active
9030-9130-9230-9330-9730-9830-9930,Metro/PTV,,In-Service,
9031-9131-9231-9331-9731-9831-9931,Metro/PTV,,In-Service,HCS Installed-Active
9032-9132-9232-9332-9732-9832-9932,Metro/PTV,"Wed, 22nd Dec 2021",In-Service,HCS Installed-Active
9033-9133-9233-9333-9733-9833-9933,Metro/PTV,"Thu, 27th Jan 2022",In-Service,HCS Installed-Partly Active
9034-9134-9234-9334-9734-9834-9934,Metro/PTV,"Fri, 18th Feb 2022",In-Service,
9035-9135-9235-9335-9735-9835-9935,Metro/PTV,"Fri, 25th Feb 2022",In-Service,
9036-9136-9236-9336-9736-9836-9936,Metro/PTV,"Fri, 14th Oct 2022",In-Service,HCS Installed-Partly Active
9037-9137-9237-9337-9737-9837-9937,Metro/PTV,"Sat, 30th Apr 2022",In-Service,
9038-9138-9238-9338-9738-9838-9938,Metro/PTV,"Thu, 12th May 2022",In-Service,
9039-9139-9239-9339-9739-9839-9939,Metro/PTV,"Sun, 29th May 2022",In-Service,
9040-9140-9240-9340-9740-9840-9940,Metro/PTV,"Fri, 10th Jun 2022",In-Service,
9041-9141-9241-9341-9741-9841-9941,Metro/PTV,"Fri, 8th Jul 2022",In-Service,
9042-9142-9242-9342-9742-9842-9942,Metro/PTV,"Fri, 29th Jul 2022",In-Service,
9043-9143-9243-9343-9743-9843-9943,Metro/PTV,"Fri, 19th Aug 2022",In-Service,HCS Installed-Active
9044-9144-9244-9344-9744-9844-9944,Metro/PTV,"Fri, 16th Sep 2022",In-Service,
9045-9145-9245-9345-9745-9845-9945,Metro/PTV,"Fri, 21st Oct 2022",In-Service,HCS Installed-Active
9046-9146-9246-9346-9746-9846-9946,Metro/PTV,"Mon, 14th Nov 2022",In-Service,HCS Installed-Partly Active
9047-9147-9247-9347-9747-9847-9947,Metro/PTV,"Tue, 6th Dec 2022",In-Service,HCS Installed-Partly Active
9048-9148-9248-9348-9748-9848-9948,Metro/PTV,"Wed, 23rd Nov 2022",In-Service,
9049-9149-9249-9349-9749-9849-9949,Metro/PTV,"Wed, 14th Dec 2022",In-Service,HCS Installed-Active
9050-9150-9250-9350-9750-9850-9950,Metro/PTV,"Mon, 6th Mar 2023",In-Service,HCS Installed-Partly Active
9051-9151-9251-9351-9751-9851-9951,Metro/PTV,"Tue, 14th Feb 2023",In-Service,HCS Installed-Partly Active
9052-9152-9252-9352-9752-9852-9952,Metro/PTV,"Wed, 8th Mar 2023",In-Service,HCS Installed-Partly Active
9053-9153-9253-9353-9753-9853-9953,Metro/PTV,"Thu, 6th Apr 2023",In-Service,HCS Installed-Partly Active
9054-9154-9254-9354-9754-9854-9954,Metro/PTV,"Thu, 18th May 2023",In-Service,HCS Installed-Partly Active
9055-9155-9255-9355-9755-9855-9955,Metro/PTV,"Tue, 6th Jun 2023",In-Service,HCS Installed-Partly Active
9056-9156-9256-9356-9756-9856-9956,Metro/PTV,"Fri, 14th Jul 2023",In-Service,HCS Installed-Partly Active
9057-9157-9257-9357-9757-9857-9957,Metro/PTV,"Wed, 19th Jul 2023",In-Service,HCS Installed-Partly Active
9058-9158-9258-9358-9758-9858-9958,Metro/PTV,"Thu, 27th Jul 2023",In-Service,HCS Installed-Active
9059-9159-9259-9359-9759-9859-9959,Metro/PTV,"Fri, 25th Aug 2023",In-Service,HCS Installed-Active
9060-9160-9260-9360-9760-9860-9960,Metro/PTV,"Thu, 31st Aug 2023",In-Service,HCS Installed-Active
9061-9161-9261-9361-9761-9861-9961,Metro/PTV,"Mon, 11th Sep 2023",In-Service,HCS Installed-Active
9062-9162-9262-9362-9762-9862-9962,Metro/PTV,"Mon, 25th Sep 2023",In-Service,HCS Installed-Active
9063-9163-9263-9363-9763-9863-9963,Metro/PTV,"Thu, 12th Oct 2023",In-Service,HCS Installed-Active
9064-9164-9264-9364-9764-9864-9964,Metro/PTV,"Fri, 10th Nov 2023",In-Service,HCS Installed-Active
9065-9165-9265-9365-9765-9865-9965,Metro/PTV,"Wed, 29th Nov 2023",In-Service,HCS Installed-Active
9066-9166-9266-9366-9766-9866-9966,Metro/PTV,"Fri, 9th Feb 2024",In-Service,HCS Installed-Active-May 2022 Extended Order Placed
9067-9167-9267-9367-9767-9867-9967,Metro/PTV,"Fri, 1st Mar 2024",In-Service,HCS Installed-Active-May 2022 Extended Order Placed
9068-9168-9268-9368-9768-9868-9968,Metro/PTV,,Delivered,May 2022 Extended Order Placed
9069-9169-9269-9369-9769-9869-9969,Metro/PTV,,Delivered,May 2022 Extended Order Placed
9070-9170-9270-9370-9770-9870-9970,Metro/PTV,,Delivered,May 2022 Extended Order Placed
701M-2501T-702M,Metro,"Wed, 4th May 2005",In-Service,2022 PIDS System Upgrade
703M-2502T-704M,PTV/2022,"Sun, 18th Apr 2004",In-Service,2022 PIDS System Upgrade
705M-2503T-706M,PTV/2022,"Wed, 28th Apr 2004",In-Service,2022 PIDS System Upgrade
707M-2504T-708M,PTV/2022,"Thu, 3rd Apr 2003",In-Service,2022 PIDS System Upgrade
709M-2505T-710M,Metro,"Sat, 1st May 2004",In-Service,2022 PIDS System Upgrade
711M-2506T-712M,PTV/2022,"Thu, 15th Jul 2004",In-Service,2022 PIDS System Upgrade
713M-2507T-714M,Metro,"Mon, 29th Dec 2003",In-Service,2022 PIDS System Upgrade
715M-2508T-716M,Metro,"Tue, 9th Dec 2003",In-Service,2022 PIDS System Upgrade
717M-2509T-718M,Metro,"Thu, 24th Jun 2004",In-Service,2022 PIDS System Upgrade
719M-2510T-720M,Metro,"Thu, 4th Sep 2003",In-Service,2022 PIDS System Upgrade
721M-2511T-722M,Metro,"Thu, 3rd Apr 2003",In-Service,2022 PIDS System Upgrade
723M-2512T-724M,Metro,"Sun, 18th Apr 2004",In-Service,2022 PIDS System Upgrade
725M-2513T-726M,Metro,"Thu, 29th Jul 2004",In-Service,2022 PIDS System Upgrade
727M-2514T-728M,Metro,"Fri, 30th Jul 2004",In-Service,2022 PIDS System Upgrade
729M-2515T-730M,Metro,"Thu, 4th Sep 2003",In-Service,2022 PIDS System Upgrade
731M-2516T-732M,Metro,"Fri, 9th Jul 2004",In-Service,2022 PIDS System Upgrade
733M-2517T-734M,Metro,"Wed, 12th Nov 2003",In-Service,2022 PIDS System Upgrade
735M-2518T-736M,Metro,"Sat, 5th Jun 2004",In-Service,2022 PIDS System Upgrade
737M-2519T-738M,Metro,"Wed, 12th Nov 2003",In-Service,2022 PIDS System Upgrade
739M-2520T-740M,Metro,"Fri, 4th Jun 2004",In-Service,2022 PIDS System Upgrade
741M-2521T-742M,PTV/2022,"Tue, 9th Dec 2003",In-Service,2022 PIDS System Upgrade
743M-2522T-744M,Metro,"Thu, 16th Sep 2004",In-Service,2022 PIDS System Upgrade
745M-2523T-746M,Metro,"Fri, 16th Jan 2004",In-Service,2022 PIDS System Upgrade
747M-2524T-748M,Metro,"Fri, 16th Jan 2004",In-Service,2022 PIDS System Upgrade
749M-2525T-750M,PTV/2022,"Mon, 16th Feb 2004",In-Service,2022 PIDS System Upgrade
751M-2526T-752M,Metro,"Wed, 9th Jun 2004",In-Service,2022 PIDS System Upgrade
753M-2527T-754M,Metro,"Fri, 6th Feb 2004",In-Service,2022 PIDS System Upgrade
755M-2528T-756M,Metro,"Wed, 11th Feb 2004",In-Service,2022 PIDS System Upgrade
757M-2529T-758M,Metro,"Wed, 11th Feb 2004",In-Service,2022 PIDS System Upgrade
759M-2530T-760M,Metro,"Thu, 26th Aug 2004",Accident Damaged,2022 PIDS System Upgrade
761M-2531T-762M,Metro,"Mon, 16th Feb 2004",In-Service,2022 PIDS System Upgrade
763M-2532T-764M,Metro,"Fri, 6th Feb 2004",In-Service,2022 PIDS System Upgrade
765M-2533T-766M,Metro,"Thu, 10th Jun 2004",In-Service,2022 PIDS System Upgrade
767M-2534T-768M,Metro,"Sat, 9th Oct 2004",In-Service,2022 PIDS System Upgrade
769M-2535T-770M,Metro,"Wed, 5th May 2004",In-Service,2022 PIDS System Upgrade
771M-2536T-772M,Metro,"Thu, 24th Jun 2004",In-Service,2022 PIDS System Upgrade
773M-2537T-774M,Metro,"Thu, 19th Aug 2004",In-Service,2022 PIDS System Upgrade
775M-2538T-776M,Metro,,In-Service,2022 PIDS System Upgrade
777M-2539T-778M,Metro,"Sat, 9th Oct 2004",In-Service,2022 PIDS System Upgrade
779M-2540T-780M,Metro,"Wed, 16th Mar 2005",In-Service,2022 PIDS System Upgrade
781M-2541T-782M,Metro,"Thu, 24th Mar 2005",In-Service,2022 PIDS System Upgrade
783M-2542T-784M,Metro,"Tue, 7th Sep 2004",In-Service,2022 PIDS System Upgrade
785M-2543T-786M,Metro,"Fri, 27th Aug 2004",In-Service,2022 PIDS System Upgrade
787M-2544T-788M,Metro,"Thu, 7th Oct 2004",In-Service,2022 PIDS System Upgrade
789M-2545T-790M,Metro,"Thu, 14th Apr 2005",In-Service,2022 PIDS System Upgrade
791M-2546T-792M,Metro,"Tue, 22nd Feb 2005",In-Service,2022 PIDS System Upgrade
793M-2547T-794M,Metro,"Fri, 25th Feb 2005",In-Service,2022 PIDS System Upgrade
795M-2548T-796M,PTV/2022,"Mon, 31st Jan 2005",In-Service,2022 PIDS System Upgrade
797M-2549T-798M,Metro,"Sat, 9th Apr 2005",In-Service,2022 PIDS System Upgrade
799M-2550T-800M,Metro,"Wed, 9th Mar 2005",In-Service,2022 PIDS System Upgrade
801M-2551T-802M,Metro,"Wed, 9th Mar 2005",In-Service,2022 PIDS System Upgrade
803M-2552T-804M,Metro,"Mon, 31st Jan 2005",In-Service,2022 PIDS System Upgrade
805M-2553T-806M,Metro,"Wed, 16th Feb 2005",In-Service,2022 PIDS System Upgrade
807M-2554T-808M,Metro,"Thu, 17th Feb 2005",In-Service,2022 PIDS System Upgrade
809M-2555T-810M,Metro,"Thu, 3rd Mar 2005",In-Service,2022 PIDS System Upgrade
811M-2556T-812M,Metro,"Wed, 9th Mar 2005",In-Service,2022 PIDS System Upgrade
813M-2557T-814M,Metro,"Thu, 14th Apr 2005",In-Service,2022 PIDS System Upgrade
815M-2558T-816M,Metro,"Mon, 21st Mar 2005",In-Service,2022 PIDS System Upgrade
817M-2559T-818M,Metro,"Tue, 29th Mar 2005",In-Service,2022 PIDS System Upgrade
819M-2560T-820M,Metro,"Tue, 15th Mar 2005",In-Service,2022 PIDS System Upgrade
821M-2561T-822M,Metro,"Sat, 9th Apr 2005",In-Service,2022 PIDS System Upgrade
823M-2562T-824M,Metro,"Tue, 15th Mar 2005",In-Service,2022 PIDS System Upgrade
825M-2563T-826M,Metro,"Wed, 5th Oct 2005",In-Service,2022 PIDS System Upgrade
827M-2564T-828M,Metro,"Wed, 5th Oct 2005",In-Service,2022 PIDS System Upgrade
829M-2565T-830M,Metro,"Mon, 23rd Jan 2006",In-Service,2022 PIDS System Upgrade
831M-2566T-832M,Metro,"Fri, 20th Jan 2006",In-Service,2022 PIDS System Upgrade
833M-2567T-834M,Metro,"Wed, 7th Dec 2005",In-Service,2022 PIDS System Upgrade
835M-2568T-836M,Metro,"Wed, 7th Dec 2005",In-Service,2022 PIDS System Upgrade
837M-2569T-838M,Metro,"Fri, 13th Jan 2006",In-Service,2022 PIDS System Upgrade
839M-2570T-840M,PTV/2022,"Fri, 16th Dec 2005",In-Service,2022 PIDS System Upgrade
841M-2571T-842M,Metro,"Mon, 23rd Jan 2006",In-Service,2022 PIDS System Upgrade
843M-2572T-844M,Metro,"Mon, 23rd Jan 2006",In-Service,2022 PIDS System Upgrade
1M-1301T-2M,PTV/2022,"Wed, 30th Dec 2009",In-Service,"Small ""Operated by Metro"" Signage on M cars only"
3M-1302T-4M,Metro/PTV,"Wed, 30th Dec 2009",In-Service,
5M-1303T-6M,Metro/PTV,"Mon, 22nd Mar 2010",In-Service,
7M-1304T-8M,Metro/PTV,"Mon, 22nd Mar 2010",In-Service,
9M-1305T-10M,Metro/PTV,"Fri, 16th Apr 2010",In-Service,
11M-1306T-12M,Metro/PTV,"Fri, 16th Apr 2010",In-Service,
13M-1307T-14M,Metro/PTV,"Thu, 20th May 2010",In-Service,
15M-1308T-16M,Metro/PTV,"Thu, 20th May 2010",In-Service,
17M-1309T-18M,Metro/PTV,"Mon, 31st May 2010",In-Service,
19M-1310T-20M,Metro/PTV,"Mon, 31st May 2010",In-Service,
21M-1311T-22M,Metro/PTV,"Mon, 21st Jun 2010",In-Service,
23M-1312T-24M,Metro/PTV,"Mon, 21st Jun 2010",In-Service,
25M-1313T-26M,Metro/PTV,"Thu, 1st Jul 2010",In-Service,
27M-1314T-28M,Metro/PTV,"Thu, 1st Jul 2010",In-Service,
29M-1315T-30M,Metro/PTV,"Tue, 20th Jul 2010",In-Service,
31M-1316T-32M,Metro/PTV,"Tue, 20th Jul 2010",In-Service,
33M-1317T-34M,Metro/PTV,"Mon, 26th Jul 2010",In-Service,
35M-1318T-36M,Metro/PTV,"Mon, 26th Jul 2010",In-Service,
37M-1319T-38M,Metro/PTV,"Mon, 2nd Aug 2010",In-Service,
39M-1320T-40M,Metro/PTV,"Mon, 2nd Aug 2010",In-Service,
41M-1321T-42M,Metro/PTV,"Wed, 18th Aug 2010",In-Service,
43M-1322T-44M,Metro/PTV,"Wed, 18th Aug 2010",In-Service,
45M-1323T-46M,Metro/PTV,"Mon, 20th Sep 2010",In-Service,
47M-1324T-48M,Metro/PTV,"Mon, 20th Sep 2010",In-Service,
49M-1325T-50M,Metro/PTV,"Tue, 12th Oct 2010",In-Service,
51M-1326T-52M,Metro/PTV,"Tue, 12th Oct 2010",In-Service,
53M-1327T-54M,Metro/PTV,"Thu, 14th Oct 2010",In-Service,
55M-1328T-56M,Metro/PTV,"Thu, 14th Oct 2010",In-Service,
57M-1329T-58M,Metro/PTV,"Mon, 15th Nov 2010",In-Service,
59M-1330T-60M,Metro/PTV,"Mon, 15th Nov 2010",In-Service,
61M-1331T-62M,Metro/PTV,"Fri, 26th Nov 2010",In-Service,
63M-1332T-64M,Metro/PTV,"Fri, 26th Nov 2010",In-Service,
65M-1333T-66M,Metro/PTV,"Wed, 15th Dec 2010",In-Service,
67M-1334T-68M,Metro/PTV,"Wed, 15th Dec 2010",In-Service,
69M-1335T-70M,Metro/PTV,"Mon, 17th Jan 2011",In-Service,
71M-1336T-72M,Metro/PTV,"Mon, 17th Jan 2011",In-Service,
73M-1337T-74M,Metro/PTV,"Tue, 15th Feb 2011",In-Service,
75M-1338T-76M,Metro/PTV,"Tue, 15th Feb 2011",In-Service,
77M-1339T-78M,Metro/PTV,"Wed, 23rd Mar 2011",In-Service,
79M-1340T-80M,Metro/PTV,"Wed, 23rd Mar 2011",In-Service,
81M-1341T-82M,Metro/PTV,"Wed, 27th Apr 2011",In-Service,
83M-1342T-84M,Metro/PTV,"Wed, 27th Apr 2011",In-Service,
85M-1343T-86M,Metro/PTV,"Wed, 18th May 2011",In-Service,
87M-1344T-88M,Metro/PTV,"Wed, 18th May 2011",In-Service,
89M-1345T-90M,Metro/PTV,"Fri, 10th Jun 2011",In-Service,
91M-1346T-92M,Metro/PTV,"Fri, 10th Jun 2011",In-Service,
93M-1347T-94M,Metro/PTV,"Wed, 6th Jul 2011",In-Service,
95M-1348T-96M,Metro/PTV,"Wed, 6th Jul 2011",In-Service,
97M-1349T-98M,Metro/PTV,"Wed, 3rd Aug 2011",In-Service,
99M-1350T-100M,Metro/PTV,"Wed, 3rd Aug 2011",In-Service,
101M-1351T-102M,Metro/PTV,"Thu, 25th Aug 2011",In-Service,
103M-1352T-104M,Metro/PTV,"Thu, 25th Aug 2011",In-Service,
105M-1353T-106M,Metro/PTV,"Sun, 18th Sep 2011",In-Service,
107M-1354T-108M,Metro/PTV,"Sun, 18th Sep 2011",In-Service,
109M-1355T-110M,Metro/PTV,"Thu, 13th Oct 2011",In-Service,
111M-1356T-112M,Metro/PTV,"Thu, 13th Oct 2011",In-Service,
113M-1357T-114M,Metro/PTV,"Fri, 28th Oct 2011",In-Service,
115M-1358T-116M,Metro/PTV,"Fri, 28th Oct 2011",In-Service,
117M-1359T-118M,Metro/PTV,"Mon, 5th Dec 2011",In-Service,
119M-1360T-120M,Metro/PTV,"Mon, 5th Dec 2011",In-Service,
121M-1361T-122M,Metro/PTV,"Wed, 14th Dec 2011",In-Service,
123M-1362T-124M,Metro/PTV,"Wed, 14th Dec 2011",In-Service,
125M-1363T-126M,Metro/PTV,"Mon, 20th Feb 2012",In-Service,
127M-1364T-128M,Metro/PTV,"Mon, 20th Feb 2012",In-Service,
129M-1365T-130M,Metro/PTV,"Thu, 23rd Feb 2012",In-Service,
131M-1366T-132M,Metro/PTV,"Thu, 23rd Feb 2012",In-Service,
133M-1367T-134M,Metro/PTV,"Mon, 26th Mar 2012",In-Service,
135M-1368T-136M,Metro/PTV,"Mon, 26th Mar 2012",In-Service,
137M-1369T-138M,Metro/PTV,"Wed, 28th Mar 2012",In-Service,
139M-1370T-140M,Metro/PTV,"Wed, 28th Mar 2012",In-Service,
141M-1371T-142M,Metro/PTV,"Mon, 2nd Apr 2012",In-Service,
143M-1372T-144M,Metro/PTV,"Mon, 2nd Apr 2012",In-Service,
145M-1373T-146M,Metro/PTV,"Tue, 17th Apr 2012",In-Service,
147M-1374T-148M,Metro/PTV,"Tue, 17th Apr 2012",In-Service,
149M-1375T-150M,Metro/PTV,"Tue, 24th Apr 2012",In-Service,
151M-1376T-152M,Metro/PTV,"Tue, 24th Apr 2012",In-Service,
153M-1377T-154M,Metro/PTV,"Tue, 30th Oct 2012",In-Service,
155M-1378T-156M,Metro/PTV,"Tue, 30th Oct 2012",In-Service,
157M-1379T-158M,Metro/PTV,"Mon, 26th Nov 2012",In-Service,
159M-1380T-160M,Metro/PTV,"Mon, 26th Nov 2012",In-Service,
161M-1381T-162M,Metro/PTV,"Tue, 5th Feb 2013",In-Service,
163M-1382T-164M,Metro/PTV,"Tue, 5th Feb 2013",In-Service,
165M-1383T-166M,Metro/PTV,"Fri, 8th Mar 2013",In-Service,
167M-1384T-168M,Metro/PTV,"Fri, 8th Mar 2013",In-Service,
169M-1385T-170M,Metro/PTV,"Thu, 4th Apr 2013",In-Service,
171M-1386T-172M,Metro/PTV,"Thu, 4th Apr 2013",In-Service,
173M-1387T-174M,Metro/PTV,"Mon, 20th May 2013",In-Service,
175M-1388T-176M,Metro/PTV,"Mon, 20th May 2013",In-Service,
177M-1389T-178M,Metro/PTV,"Fri, 14th Jun 2013",In-Service,
179M-1390T-180M,Metro/PTV,"Fri, 14th Jun 2013",In-Service,
181M-1391T-182M,Metro/PTV,"Mon, 22nd Dec 2014",In-Service,
183M-1392T-184M,Metro/PTV,"Mon, 22nd Dec 2014",In-Service,
185M-1393T-186M,Metro/PTV,"Fri, 13th Feb 2015",In-Service,
187M-1394T-188M,Metro/PTV,"Fri, 13th Feb 2015",In-Service,
189M-1395T-190M,Metro/PTV,"Mon, 23rd Mar 2015",In-Service,
191M-1396T-192M,Metro/PTV,"Mon, 23rd Mar 2015",In-Service,
193M-1397T-194M,Metro/PTV,"Fri, 8th May 2015",In-Service,
195M-1398T-196M,Metro/PTV,"Fri, 8th May 2015",In-Service,
197M-1399T-198M,Metro/PTV,"Tue, 9th Jun 2015",In-Service,
199M-1400T-200M,Metro/PTV,"Tue, 9th Jun 2015",In-Service,
201M-1401T-202M,Metro/PTV,"Fri, 3rd Jul 2015",In-Service,
203M-1402T-204M,Metro/PTV,"Fri, 3rd Jul 2015",In-Service,
205M-1403T-206M,Metro/PTV,"Tue, 11th Aug 2015",In-Service,
207M-1404T-208M,Metro/PTV,"Tue, 11th Aug 2015",In-Service,
209M-1405T-210M,Metro/PTV,"Fri, 16th Oct 2015",In-Service,
211M-1406T-212M,Metro/PTV,"Fri, 16th Oct 2015",In-Service,
213M-1407T-214M,Metro/PTV,"Wed, 5th Oct 2016",In-Service,
215M-1408T-216M,Metro/PTV,"Wed, 5th Oct 2016",In-Service,
217M-1409T-218M,Metro/PTV,"Thu, 27th Oct 2016",In-Service,
219M-1410T-220M,Metro/PTV,"Thu, 27th Oct 2016",In-Service,
221M-1411T-222M,Metro/PTV,"Wed, 30th Nov 2016",In-Service,
223M-1412T-224M,Metro/PTV,"Wed, 30th Nov 2016",In-Service,
225M-1413T-226M,Metro/PTV,"Fri, 23rd Dec 2016",In-Service,
227M-1414T-228M,Metro/PTV,"Fri, 23rd Dec 2016",In-Service,
229M-1415T-230M,Metro/PTV,"Thu, 9th Feb 2017",In-Service,
231M-1416T-232M,Metro/PTV,"Thu, 9th Feb 2017",In-Service,
233M-1417T-234M,Metro/PTV,"Thu, 17th Aug 2017",In-Service,"Was Fitted out with CBTC test equipment for CBTC test equipment, now removed."
235M-1418T-236M,Metro/PTV,"Thu, 17th Aug 2017",Projects,"Was Fitted out with CBTC test equipment for CBTC test equipment, now removed.- At WTL for EED Mods"
237M-1419T-238M,Metro/PTV,"Fri, 15th Sep 2017",In-Service,
239M-1420T-240M,Metro/PTV,"Fri, 15th Sep 2017",In-Service,
241M-1421T-242M,Metro/PTV,"Fri, 20th Oct 2017",In-Service,
243M-1422T-244M,Metro/PTV,"Fri, 20th Oct 2017",In-Service,
245M-1423T-246M,Metro/PTV,"Tue, 21st Nov 2017",In-Service,
247M-1424T-248M,Metro/PTV,"Tue, 21st Nov 2017",In-Service,
249M-1425T-250M,Metro/PTV,"Tue, 19th Dec 2017",In-Service,
251M-1426T-252M,Metro/PTV,"Tue, 19th Dec 2017",In-Service,
253M-1427T-254M,Metro/PTV,"Tue, 31st Jan 2017",Projects,At WTL for EED Mods
255M-1428T-256M,Metro/PTV,"Tue, 31st Jan 2017",In-Service,
257M-1429T-258M,Metro/PTV,"Tue, 27th Feb 2018",In-Service,
259M-1430T-260M,Metro/PTV,"Tue, 27th Feb 2018",In-Service,
261M-1431T-262M,Metro/PTV,"Thu, 3rd May 2018",In-Service,
263M-1432T-264M,Metro/PTV,"Thu, 3rd May 2018",In-Service,
265M-1433T-266M,Metro/PTV,"Fri, 25th May 2018",Projects,
267M-1434T-268M,Metro/PTV,"Fri, 25th May 2018",In-Service,
269M-1435T-270M,Metro/PTV,"Tue, 10th Jul 2018",In-Service,
271M-1436T-272M,Metro/PTV,"Tue, 10th Jul 2018",In-Service,
273M-1437T-274M,Metro/PTV,"Fri, 17th Aug 2018",In-Service,
275M-1438T-276M,Metro/PTV,"Fri, 17th Aug 2018",In-Service,
277M-1439T-278M,Metro/PTV,"Wed, 26th Sep 2018",In-Service,
279M-1440T-280M,Metro/PTV,"Wed, 26th Sep 2018",In-Service,
281M-1441T-282M,Metro/PTV,"Wed, 31st Oct 2018",In-Service,
283M-1442T-284M,Metro/PTV,"Wed, 31st Oct 2018",In-Service,
285M-1443T-286M,Metro/PTV,"Fri, 25th Jan 2019",In-Service,
287M-1444T-288M,Metro/PTV,"Fri, 25th Jan 2019",In-Service,
851M-1626T-852M,PTV/2022,"Fri, 27th Dec 2002",In-Service,Named Iramoo
853M-1627T-854M,Special Aboriginal Artwork,"Fri, 27th Dec 2002",In-Service,
855M-1628T-856M,PTV/2022,"Fri, 27th Dec 2002",In-Service,
857M-1629T-858M,PTV/2022,"Thu, 20th Mar 2003",In-Service,
859M-1630T-860M,PTV/2022,"Thu, 20th Mar 2003",In-Service,Named Westernport
861M-1631T-862M,PTV/2022,"Mon, 31st Mar 2003",In-Service,
863M-1632T-864M,PTV/2022,"Mon, 31st Mar 2003",In-Service,
865M-1633T-866M,PTV/2022,"Tue, 20th May 2003",In-Service,Named Flash
867M-1634T-868M,PTV/2022,"Tue, 20th May 2003",In-Service,"Small ""Operated by Metro"" Signage on M cars only"
869M-1635T-870M,PTV/2022,"Fri, 11th Jul 2003",In-Service,"Small ""Operated by Metro"" Signage on M cars only"
871M-1636T-872M,Metro/PTV,"Mon, 23rd Jun 2003",Under Repairs,Named Melbourne Rocks
873M-1637T-874M,PTV/2022,"Fri, 20th Jun 2003",In-Service,Named Croydon West
875M-1638T-876M,PTV/2022,"Fri, 20th Jun 2003",In-Service,"Small ""Operated by Metro"" Signage on M cars only"
877M-1639T-878M,PTV/2022,"Mon, 23rd Jun 2003",In-Service,"Small ""Operated by Metro"" Signage on M cars only"
879M-1640T-880M,PTV/2022,"Fri, 11th Jul 2003",In-Service,"Small ""Operated by Metro"" Signage on M cars only"
881M-1641T-882M,PTV/2022,"Sat, 20th Sep 2003",In-Service,"Small ""Operated by Metro"" Signage on M cars only"
883M-1642T-884M,PTV/2022,"Fri, 15th Aug 2003",In-Service,"Small ""Operated by Metro"" Signage on M cars only"
885M-1643T-886M,PTV/2022,"Fri, 15th Aug 2003",In-Service,"Small ""Operated by Metro"" Signage on M cars only"
887M-1644T-888M,PTV/2022,"Sat, 20th Sep 2003",In-Service,"Small ""Operated by Metro"" Signage on M cars only"
889M-1645T-890M,PTV/2022,"Fri, 19th Sep 2003",In-Service,
891M-1646T-892M,PTV/2022,"Fri, 19th Sep 2003",In-Service,
893M-1647T-894M,PTV/2022,"Mon, 20th Oct 2003",In-Service,"Small ""Operated by Metro"" Signage on M cars only"
895M-1648T-896M,PTV/2022,"Mon, 20th Oct 2003",In-Service,
897M-1649T-898M,PTV/2022,"Tue, 27th Jan 2004",In-Service,"Small ""Operated by Metro"" Signage on M cars only"
899M-1650T-900M,PTV/2022,"Fri, 26th Dec 2003",In-Service,"Small ""Operated by Metro"" Signage on M cars only"
901M-1651T-902M,PTV/2022,"Fri, 26th Dec 2003",In-Service,
903M-1652T-904M,PTV/2022,"Wed, 21st Jan 2004",In-Service,
905M-1653T-906M,PTV/2022,"Wed, 21st Jan 2004",In-Service,
907M-1654T-908M,PTV/2022,"Mon, 15th Mar 2004",In-Service,
909M-1655T-910M,PTV/2022,"Mon, 15th Mar 2004",In-Service,
911M-1656T-912M,PTV/2022,"Tue, 27th Apr 2004",In-Service,"Small ""Operated by Metro"" Signage on M cars only"
913M-1657T-914M,PTV/2022,"Wed, 24th Mar 2004",In-Service,"Small ""Operated by Metro"" Signage on M cars only"
915M-1658T-916M,PTV/2022,"Tue, 27th Apr 2004",In-Service,
917M-1659T-918M,PTV/2022,"Wed, 24th Mar 2004",In-Service,"Small ""Operated by Metro"" Signage on M cars only"
919M-1660T-920M,PTV/2022,"Tue, 11th May 2004",In-Service,"Small ""Operated by Metro"" Signage on M cars only"
921M-1661T-922M,PTV/2022,"Tue, 11th May 2004",In-Service,
923M-1662T-924M,PTV/2022,"Mon, 5th Jul 2004",In-Service,"Small ""Operated by Metro"" Signage on M cars only"
925M-1663T-926M,PTV/2022,"Fri, 21st May 2004",In-Service,Named Don Corrie
927M-1664T-928M,PTV/2022,"Fri, 21st May 2004",In-Service,"Small ""Operated by Metro"" Signage on M cars only"
929M-1665T-930M,PTV/2022,"Fri, 4th Jun 2004",In-Service,"Small ""Operated by Metro"" Signage on M cars only"
931M-1666T-932M,PTV/2022,"Fri, 4th Jun 2004",In-Service,
933M-1667T-934M,Special Aboriginal Artwork,"Mon, 5th Jul 2004",In-Service,
935M-1668T-936M,PTV/2022,"Sun, 18th Jul 2004",In-Service,
937M-1669T-938M,PTV/2022,"Sun, 18th Jul 2004",In-Service,
939M-1670T-940M,PTV/2022,"Mon, 2nd Aug 2004",In-Service,"Small ""Operated by Metro"" Signage on M cars only"
941M-1671T-942M,PTV/2022,"Mon, 2nd Aug 2004",In-Service,
943M-1672T-944M,PTV/2022,"Wed, 18th Aug 2004",In-Service,"Small ""Operated by Metro"" Signage on M cars only"
945M-1673T-946M,PTV/2022,"Wed, 18th Aug 2004",In-Service,
947M-1674T-948M,PTV/2022,"Fri, 10th Sep 2004",In-Service,"Small ""Operated by Metro"" Signage on M cars only"
949M-1675T-950M,PTV/2022,"Fri, 10th Sep 2004",In-Service,"Small ""Operated by Metro"" Signage on M cars only"
951M-1676T-952M,PTV/2022,"Tue, 12th Oct 2004",In-Service,"Small ""Operated by Metro"" Signage on M cars only"
953M-1677T-954M,PTV/2022,"Tue, 12th Oct 2004",In-Service,
955M-1678T-956M,PTV/2022,"Fri, 29th Oct 2004",In-Service,
957M-1679T-958M,PTV/2022,"Fri, 29th Oct 2004",In-Service,
959M-1680T-960M,PTV/2022,"Tue, 7th Dec 2004",In-Service,
961M-1681T-962M,PTV/2022,"Tue, 7th Dec 2004",In-Service,
963M-1682T-964M,PTV/2022,"Fri, 17th Dec 2004",In-Service,
965M-1683T-966M,PTV/2022,"Fri, 17th Dec 2004",In-Service,
967M-1684T-968M,PTV/2022,"Fri, 29th Nov 2019",In-Service,"Small ""Operated by Metro"" Signage on M cars only"
969M-1685T-970M,Metro/PTV,"Fri, 29th Nov 2019",In-Service,
971M-1686T-972M,Metro/PTV,"Fri, 31st Jul 2020",In-Service,
973M-1687T-974M,Metro/PTV,"Fri, 31st Jul 2020",In-Service,
975M-1688T-976M,Metro/PTV,"Sat, 29th Feb 2020",In-Service,
977M-1689T-978M,Metro/PTV,"Sat, 29th Feb 2020",In-Service,
979M-1690T-980M,Metro/PTV,"Fri, 1st May 2020",In-Service,
981M-1691T-982M,Metro/PTV,"Fri, 1st May 2020",In-Service,
983M-1692T-984M,Metro/PTV,"Wed, 1st Jul 2020",In-Service,
985M-1693T-986M,Metro/PTV,"Wed, 1st Jul 2020",In-Service,
